C/I Date,C/O Date,Client,Touring Party,Hotel,Net Rate,Tax Rate,Gross Rate,# of Room Nights,Gross Total,Rate Type,Concessions,Welcome Amenity,Remarks,Commission Rate,Hotel Group Name/Number,IATA,Hotel Docs,Notes,TPI / Invoice,Arrival Via,"Parking Instructions, if needed",ETA,CCA Submitted,Advance Email Sent,TM Intro Email Sent,Final Folio Sent to Client,Air Grid,Air Grid (as of),Sales Contact,Sales Email,Sales Phone,Coordinator Contact,Coordinator Email,Coordinator Phone,Final Folio,Date Entered,assigned_agent1 (from Client),assigned_agent2 (from Client),coordinator1 (from Client),coordinator2 (from Client)
1/9/2025,,X620,ALL,"The Current Iowa, 215 N Main Street, Davenport, IA 52801",$177.00,,$177.00,12,$2124.00,,,,,10%,The Justin Crim Group -  M-UF73OLH,TPI - 10504292,Justin Crim Group Rooming List.pdf (https://v5.airtableusercontent.com/v3/u/44/44/1754762400000/-D_ouh-zKGBeNWMiBNFMVw/9MjO-KOOQbj-kSLTdSRi4_6PvmLYtG1ac9nVOWpwiSCyZxPTgMuq39We5Vdeal-edzjfNyHs1BIsnGwICuu5St4es-CtYmOHvs_vWGKDG0Dsu9dlgTcqnrr_hQCDww0EEnBblPi7RVv0_tzpmvueInfd809WgCmdIn6nhgadsIxBUKe-tpN25q-tCnjSSTQZ/cnMohfVfkK-YX3rsynFoRYiG53bXXggoWNB6MRIM--I),,TPI Submitted,,,Varied,Yes,Yes,Yes,Yes,,,,,,,,,TheJustinCrimgroupFolio.pdf (https://v5.airtableusercontent.com/v3/u/44/44/1754762400000/UQzV_Q1ASls39a6xEr1dzA/LfMDPal2nY5ikrFshMY4os4v_V-kDymKfYupFLqN-RDW4DUq_fM9jBSNXB0khI5qN6fjG9NApSZ-zqd2j6w9d3kcRRTQVkYDkxvnyEcAuoC7pZB4FMunDETzo1cVQF9v8wWMHrq99p3ZJdI_Dne6aBXYM-2OxfSjMUMBxnEw10RK5c2NswJvzSOBIoSggRv7/ecZmuVQ4hojgeQ83UxNc4AROHwPP1Ji5KXWJwr7u8yU),12/4/2024,Kyle MacKinnon,,Marlowe Teichman,
1/11/2025,,X620,ALL,"Saint Kate, The Arts Hotel, 139 E Kilbourn Avenue, Milwaukee, WI 53202",$159.00,,$159.00,10,$1590.00,,,,,10%,The Justin Crim Group,TPI - 10504292,"SaintKate Group CC Auth.pdf (https://v5.airtableusercontent.com/v3/u/44/44/1754762400000/tyqLZUYbMK-NMInUnaOdfg/KKD0o2eDvYu81_zeIwxcsoSLBZGCPVFASMsblqvKlkBC8q5MwQ7RQjDQyTvIEB8j4HU0aq3rgtwXgvq94ZYW__V9BzFiKTTayr_nphk8SPYobyCltW5tTXB4npCW-4nr3I0kMZKyGUVPsBkmKnKy2P2AS4ZU-mnzOKYc0HZYTvM/EfGV_GBFBJ4NGF5i1rvV7Fqlw0GZMUwjUrJIVO3Mrqo),TTA-x620-H-20240111-Saint Kate MKE_Contract.pdf (https://v5.airtableusercontent.com/v3/u/44/44/1754762400000/i1AXHhpTsN7uvB0lvNuMgQ/YdxtAqoVOgov8A17pdFjsIkaEDIX1JVAV9wQVnpM3PZVdX1u7cSwIjUkw9ZQg2bqL9Gle-eRr_HqokWXk4nc1a0GcAtm8siK_hm3pmgy8tBdDVHcM-s92msRlvL6xg5Pv9efLSWGfXUJc59UVhLnL1KoVV1Nd7cgjAEVqf7h4ohAXDkOr51UdsiTwbua_USOe_il_AtfXvt5Kj9psMdGyA/51IGdNYsIMj6DqTeqMi1HBW1Uq6pYBCa5QbRXJ1mJOM),SAINTKATEROOMINGLIST.pdf (https://v5.airtableusercontent.com/v3/u/44/44/1754762400000/BscCmNjxHJVxvskHwpPHxQ/4CZ8F_RWgrP8LFvP-8sW_BTXb9COtXACJvrVIuBu0QPmow4IHNcam-QfT0gv1teSJmpn73cCkZwcq05E3LZlPb0Gde8T7FvRboOn9jZl9gLtG0cyxjX3OcGoY6tmCS8boFrUIbRX2vISIpIBZrHmh1aNwgktPcOOcGYWQhSt8WE/N1Uh5wvVXn81sMfqB2bG0K5Nr4cSuV4Guo85U0pFkFw)",,Invoiced,,,6:00AM on 12JAN,Yes,Yes,Yes,Yes,,,,,,Emma Pohl,emmapohl@saintkatearts.com,+1-414-291-4794,doc27013920250115105054.pdf (https://v5.airtableusercontent.com/v3/u/44/44/1754762400000/tx80f6AZaM5QGojYrwIWtA/Em4dWAPpuLjpGamRVb8i8y_0E8VckZWgPjghclYqrMo0Y6EgjaktmVEwHWAGddJBfTJiGiRG21yrupOTqE68-7CimvK2SPel-Yq0PX2Ian4N8ZyWcxGMbLjjK_aXtqTLOByYwzL5YMX3EihtvDyfrO-n-g-HcMKYndxs90dFf7G77rHBZG-L-0VEv5dL3-7z/dlg-OCR6-PPe53Krf06T65DkUU2JCd23GmDHm-COxR8),12/6/2024,Kyle MacKinnon,,Marlowe Teichman,
1/16/2025,,X612,C PARTY - CREW,"COMO Point Yamu Phuket, 225 Pa Klok, Thalang District, Phuket 83110, Thailand",$391.02,,$391.02,8,$3128.16,,,,,10%,The Theau Dufosse Group,TPI - 10504292,COMO_Deposit.pdf (https://v5.airtableusercontent.com/v3/u/44/44/1754762400000/T_JsCow7DA-EPiWYQxOlqg/PQJfTPOJ8tykbT_Fx42iNt0Y_k-TZ19mMC_dycNpVz1kcFPPRFh2vfDRY6qrv5vxgCn9tpeh3aWrRMA6G-3EhKvQZsMDycOp-VQZRTYqVAm2fHLnE_0wHio5r1193o8b5jrYf70MQE5Ko8eAssrlsUQo6WikjQoW_p4gZyJt-FE/QVxXhC9JublS3yvv-6_ou1N1mDF3QMFwzRN_pQp11ok),,Invoiced,,,Varied,Yes,Yes,Yes,Yes,,,,,,,,,"thpym_guest_folio14420488.pdf (https://v5.airtableusercontent.com/v3/u/44/44/1754762400000/PotWtS2o4aIClMN7CP1Z1A/KEeG1oR7BoZjlR2HyAO_fln_5mt67z8we5KIZJrP-IXYRFsWnDQahsDSRP3bZUfmIn9stbc7w-mkSFv3VeAo0hDY8rUVRRho4G78NiCZvhpjMn31qw6CtVAPZrs0OHZih6nyBvND59zjN0j5b3aOOKT3qswSdTDAKXUrorC9uqKRb2AKjcy3MqRP8X5eXl2R/le8QY3JT9ezKy9gVI8V9MWiScpev5WIdnd_nixUthbU),thpym_guest_folio14420491.pdf (https://v5.airtableusercontent.com/v3/u/44/44/1754762400000/LNBomy6lYzStWpBdxhswWA/qcXK1PwxS9BMp9UzpL2sldOywA0FvMRwi0j9UvvxNkbHoD6fRsLMGze71aUtiXyu0v7DMwlbp-T3v4IYQJVm63AwIEbcQew4K7Oh9fIcpI7ao00hLMgA5xJsfNPin55cRmg3miUMwvuxZ4a1Tlwr2xWB790OkWbqcNcJwmjwdeEtnaAgeWS9GozgE2VS1Htp/-yGWE_ZKu_cxbHcvZ32bambxXA9hAzTAH7_iKv-34T8)",11/7/2024,Kyle MacKinnon,,Marlowe Teichman,
1/20/2025,,X612,C PARTY - CREW,Intercontinental Ana Tokyo (Intercontinental),$309.00,,$309.00,14,$4326.00,,,,,10%,The Theau Dufosse Group,TPI - 10504292,,,TPI Submitted,,,6:30 AM,Yes,Yes,Yes,Yes,,,,,,,,,"ANA InterContinental Tokyo - #67666665 Room charge2.pdf (https://v5.airtableusercontent.com/v3/u/44/44/1754762400000/KQIhf4OurirDyPxCs9PEIw/U_Oc1p69KbwrH_tJZV87j0SsYqLDv70MfMPs38avzpWKMkbKMjypLDUqlni8qwDoZQQIPU6_miG7vVYSctW6vg5H2hp0IywEH1m-oGjqyCCbcJ1GNV0Vufkm6iTpS9hRgGkYBlqb0vdlZd7s7QsPF2U7K3fAAsCbaUn-J5bevZTA73ju1TQV_kqIlgZbXi74vUkSom5KO3MT1ZVk624sWg/bfW09JO28inJ4puxpgGvjAEIyepbM08Bi_NF5oqqEbs),ANA InterContinental Tokyo - #82187183 Room charge1.pdf (https://v5.airtableusercontent.com/v3/u/44/44/1754762400000/KppwiLAvsi4z-_AO07hFog/DMHCHj9gmFpvgQSWnGAesYwi-VA8FdwTyoCezsWU3KgaMT_6J7FuHgse2Z5VT-JIwmsBOBx-3qgvseYfUjqjo6h4VI_-aNNNJ9xjuqAxVTwMvOnjGyhrF_sQ62hKhMe7gExQ6MT_FpJJhBUVrTpgpPyHCX34eth2oGFa0xPcgIHDgJ0yV-7IMdndpKvEcP_OHmpXskbtAeDhVYwRdNPduA/usRw05Dnv5HmouQ212xmJ9owz3NpLHvJn6_Zm7Vj1_4),ANA InterContinental Tokyo - #82187183 Room charge2.pdf (https://v5.airtableusercontent.com/v3/u/44/44/1754762400000/tOb1NNp0imYaKaNP9SSmiw/zD5Cs_UdCVPnaFph_IAM61g5FehF9fCbk5cXLGHOD58z83C2o52VI4-xWh66R1wlD3ZkWSnp_jYqqDKL5GAXnd5DTE9q1-AU5RO2If73HegmDnHMip9wRRukwb-JXQi6rZ-OgXUZRDVs23Bmnoewq7tMEL796jc1cUTZGHLO34kLbXYFet7F7WaeI_x06S6QAood2wRQRli_unuvvG6VCg/DxbyagL40YxFIdH_QFB2WClOgJ9Igyh27kuYosRzd1I),ANA InterContinental Tokyo - #67666665 Room charge1.pdf (https://v5.airtableusercontent.com/v3/u/44/44/1754762400000/N-dFmvJDMJljJS6opoOHhg/PfYELbcnFaUg349JF5304phqEbCGv0dlSKvSRHTPOz1L1kuHjWbNYPrkmNHENmzlD39wFDFO6yZR40RqZAwWeT2y-NCEsBnawwbHVRxedNId-g5De_gumRTeS7LzxYiEZvExq5ie6L0kKhs-vSKsQs3WItNiF0Nm_GB9gTI54YcLvaxC1uf6iz7L6t_1Tnh9OKlw44DKlTNYmt5tM0Creg/KSk_ZFSzj6Y2bOXTiRPL494wOAOBoUWhZLzrD31RTD4),ANA InterContinental Tokyo - #82187183 Room charge2.pdf (https://v5.airtableusercontent.com/v3/u/44/44/1754762400000/hMYuz_VlF1-p__B0veEwow/Hdp-P-f1mVu_ToAvwOoOOmUB1FUe-zEl4PIGeX_1Z2M6vTd-qleTQUDRa5hPXPdG15Q49G8LoJbDPr1tcU7pEhzkqR24WdMbo47Z4u-ILmbvCWCZS4buYKLSW8HnTAta3wmEXz8TD3Qq76gBd-D6v3GRT5dxtN-OrYRrlZFBjQ1TwBOvE_Ltw4ZfgAl1p4LGQgxjxClOV8hY88GL9nXNtA/OBosuezIpISnRdUMs_shsh4YRcWIOCj9mK6SWYZPeIc),ANA InterContinental Tokyo - #67666665 Room charge1.pdf (https://v5.airtableusercontent.com/v3/u/44/44/1754762400000/gsvzgx2t52q4L9PURkY2zQ/dbe-yZcet8WLN6exkjVAMn0Hw4tBhcGMIHuYRyL9UGZm7AqYGWeo8YxcE9fI8Rp7SHlgkBm_4TJHEsaqoh2H4y2AvTbS0IPGN-eu3Uq9InVQEAsXM4qdz52Sw-iJqZPUPoknEajgY69QQQQypb8NkySZp080tdX8NE-Cbd2JSMuuz1-oulKXeFXCrQ-4pfa8X2JVq-5hX0qvgjxdEYnDNw/P7tYgaNUExnOVDS_0wetgol6auX_UlHF4N_tIlNimcQ)",12/9/2024,Kyle MacKinnon,,Marlowe Teichman,
1/27/2025,,X530,ALL,"Residence Inn Kingston, 800 Frank Sottile Blvd, Kingston, RI 12401",$136.50,,$136.50,13,$1774.50,,,,,10%,,TTA - 05565556,,,TTA IATA,,,,Yes,Yes,Yes,Yes,,,,,,,,,"Residence Inn-LYONS_60902.pdf (https://v5.airtableusercontent.com/v3/u/44/44/1754762400000/hDw-5vDOAPmotjCDjnGrMg/ykdb0iy7Ym8Kd6ZNCMDbtZae8puIPJrNJfmV2eBx39uawhAgU6NdWDFxPc2G37FeYGhUsCoOFutv8tyYr_7BUzjgBNOLa1zCWhPS7yZIUEB_UFwy4n940SsRMJ6CeKMAXBnstTaMakgAL9oOFJX5LiXEFr511PbzeNKPz9Sc4_pefdbUiSlDL56NKYPkQbLX/CqqjU3pI1q51qrK8ql6srNrAV50Mgln48lQ6MB79FWk),Residence Inn-BROOKS_60903.pdf (https://v5.airtableusercontent.com/v3/u/44/44/1754762400000/HH_gFo4bwLo2BNy6oMBdsQ/ZLe_3zktFU5nBJ2pQeQipGW7dNPQR2xyhVlKBsEPSxo3WSPx9BnwS65AZcq7_Ru4VEGdD-9TFNbu9VxrIEP021czKS33N490uVDs2lYoKYOwSN6udXHt_bm4u2gqtQGjFuh4aTldCgRhq6JQ2BveIq5JiOD3ZtHEiRUF4Wa3m8Ff2UxXoF_K9jlDdd2Swva3/VvK9n1vTaaJxTDtZfSIpM6hAGxeZi-MQk-7IRnAhsJQ),Residence Inn-HURDLE_60904.pdf (https://v5.airtableusercontent.com/v3/u/44/44/1754762400000/9uCEyqdWy7KG5YVGyD9s3w/ep-BUgVu1gAViQxhlhLYpDhQCqiJnBzorzTVJVoQxZau2kWUshzaPACMN-l6P33VfHRD70VRi5izjt6tdDmdqLA4AdLkhenj2kcCKzkUl2tVaoIi8BW1QT4Q0ESWXVNn19Xz4gOpSJxNiaam5zMZNxY2Erfld7ryxuBj2MX9r0fJyxsh7foI2DttvPKteZv0/7Eau3iWnpgzBMJGsFi5rf8RJ-jjgk3p1e5-fRuIEZxE),Residence Inn-SUMMERS_60906.pdf (https://v5.airtableusercontent.com/v3/u/44/44/1754762400000/LuSGeuiGoHkxZ95GbJZdrQ/gdXbeKsFbPHbD8agizF-MW343Ju3l8Br9RQtQb83aiY6vBSTLH9XjYFa3HNcjd4ScrQkrL2Elq_3cG8daKxoblhfiAuVR4J4y4OCni0ZiS5XTq_URnIJA_V9MX3xIo2wgKUeu4xSNXMFl9aUg_Oa5eu2DU4rnx3a_BpdFXVXVGcD21zXnB9IwUfBcEzuVB53/v_1-ws8v-48Ag0axoh0U6tWgYoJQMqPEjDbweuMgFVU),Residence Inn-MCCRORY_60901.pdf (https://v5.airtableusercontent.com/v3/u/44/44/1754762400000/j3On7vR1VXCnUu2xwzJL1w/zJEUHq8ATb1aMp7UaQ0-AO7dbH8lgcWmUESYhfSHzPbLrWhSvmB6a-fR2jTx0_MClCYmGpgD2DzCQzjZSMWb31PtA13ti_kASOSXUnwGFqlrSzPr8kZUVia_S1LWyPilTlBO_AnzYTXYQG0KlkI4ApJjqHS6bTgqcvjHW6ShG6Cb1PmXgaY6nFoX7bW0saA8/6d8o7T6xbAaBf-UOxDYSoe3qx2tnUgBUB4i2tHKB_p8),Residence Inn-ROJAS_60905.pdf (https://v5.airtableusercontent.com/v3/u/44/44/1754762400000/ef6CVkMlCmajGOz2GV2lww/OZmtTWh67UMfqtT2a6TpNUIqg0jps4U2r_Qr-wZPA5cM3ObD9KTHbNCHD33RQRI2bXyBhIZYFml3fLzjf5jOmd8W-SCp8m2VDkz6j_OV4C7Re2kZ9YX1OJm6xt0Vwrrm8vj6MgN2ASmDVmelzBq2CXNW92V8OvT8C9SRDgJ56ywM4xFKBcv-qa-1rcoq2r9Q/0LI4NX_JlHCz1eB1kEbsD7c8WKr3kHklpw8Nd6dkhjw),Residence Inn-YATES_60900.pdf (https://v5.airtableusercontent.com/v3/u/44/44/1754762400000/LBOMSLBPq7O1PMPCp3Ti5w/LToJd6L64LZQmj3Wkzef5BzZ8SmFwqjq1dRiYLK_EDNqHnPxG1nWLuNmfkzjtRBqhvTElf21aA-dIvKxj-YL7xRVEX3XftWsDKEDox-jXspiVqtjRR3REKaHlqd1mcMpagJ3gvTJ9fzGOOxjizZfAl6D0WjvrnhClOXmBqYdkl-3J-tBuObMdHnD6ASKowwB/inxLcbrRdgDY8GrnpR670JVWLFHu4Vnz7M6aDkSSOVo)",1/31/2025,Kyle MacKinnon,,Marlowe Teichman,
1/28/2025,,X530,ALL,Best Western Cooperstown,$114.00,,$114.00,9,$1026.00,,,,,10%,The Vizionary Group,TTA - 05565556,,,Transient Bookings,,,,Yes,Yes,Yes,Yes,,,,,,,,,"""Best Western Cooperstown - Lyons, Franz.pdf (https://v5.airtableusercontent.com/v3/u/44/44/1754762400000/eKfRJgoqNu1DBLvW5pDYdw/Xa35Bt4kcGShKwuqWQAocaTTLn1rStyO6Tu6CV_ZjmTsjnurP1nC4lk-H45xCxeif5TEWFTfAlZb34D3miS0T_UtMIkPsRmB3RtV9QTtAGOlnEZzyULzPa8tWKg5DgGoHnMmQe3-poP8zy6A1tDKQf0NoA2E2BclzIQE9nctVOs8N556HvOCxh0LIBJSQ1DE/j4FbMuUTcERmOEKLfJhW8Sc77yXicaZAG-44az_4mV0)"",Best Western Cooperstown - Summers.pdf (https://v5.airtableusercontent.com/v3/u/44/44/1754762400000/1VZOkrsSFJWJHNwKPhu3xA/0-dnv3h8vYoIikJHkQvMcjAN03c4OdmqnJdJrpqGtOpefYy9GvZ_CbBuOu3LmvPXJose8TMXI5MZNwN-l1-AdHXTolWMQmkDxg59P2lqZRAsT_Gh7rFDYKh-o4oJgyB6acW1V-oDuu_U5uQJqrvHwVl-VrYdY6VOvx04MaKcthjFyaVlUk0bIXK0u0Mf4sg8/c6DDMZnsFWPEe1kRLUhpuq8fJuTMOX9irj4YAcw5_DI),Best Western Cooperstown - Brooks.pdf (https://v5.airtableusercontent.com/v3/u/44/44/1754762400000/21RBTfIPaqTQycwCalPEdA/XEua6YSGRIMd9w6sJIqaTq30uEkMzYu0pKhbOoBlSQvup2eks-TuUZHOSoU5zHuSKLHHwnyi3bzXMzPXzAM6t4SyJxP8i40K1oDj-w7wmxXAXhtSFTFrKQuGatuyrnGcd63bKWVU_ezd8xiwEAdEcpfZB-h3zqaHlxDnOfcPQZGQKf3KZV5vb4obrcRXv8Tf/-K8QtlRbfpW1yKN6mnmzck3niCkFSZY-6DidcOTt1ec),Best Western Cooperstown - Weidt.pdf (https://v5.airtableusercontent.com/v3/u/44/44/1754762400000/kprvQFCIDzninJfSdvzczQ/qSRVOZT3CqGd5wWVdKLXkxpaKqziUJy1EtPkIaOBF7swma0IUdYYIZCi3SuHJhB-jNP8rCWdSJAE3WmDUp7v_7Obo2QRBycgvQEBiodsioSNg3PSElzFb4xrNEKh01-2TB1kCPignBtStJhZzb-GJRoAiKPZQHVRjU5k2cYNEcmXufwKEYL4q4P5q6-Ca5rq/gHzIMWurFtZjhuq1z1fLxx5QttpHpS1pIt0X-IganNI),Best Western Cooperstown - Mccrory.pdf (https://v5.airtableusercontent.com/v3/u/44/44/1754762400000/04bmhjhKWgKw6iJph3QzWQ/SZYqjLGnzr4haCtk6nHWJHlOSMsahvsaK1RTgj6KIVZ1fZ0CsF6zD92fSyMB6KOzUlzOB3VxW4bT0I_P-tszeJD90xhCU41tOKs5jKSFusdlQORzGEoZIdsvc_DrGvGwnhZUorqiWszN4cC3PtmJpjvdJRzjYiFa2nUyFRZPZfhXdGwNC-0FiebcSUf3q6Wo/m_X7YJ-lXwlrD7hlN1RzgXXrPYaq0PluBjZPIJ2Rjvo),Best Western Cooperstown -  McGillviray.pdf (https://v5.airtableusercontent.com/v3/u/44/44/1754762400000/68jQWeW9BoATJWIT6fUEvg/t0hBoAybVXe4764GJ7CMbpufcK2zESr2m93FQxYgMWN4rfB1OPVCKRGWgQcTHbuoob7_UnB_jMYsH4FVbmcVxznA9KF9W3jM38apg-FYRqx79t7D-fjcZ_ANkxPJxNdjHWQYNuTSpePem2KCvJZE1xKW1asxl-4VlwNDLab_55dg-adFw1k06oQSfTQW1sAh/PxS4OI_7L5wlFMVzc208oZS8MWSFigAKhkoMY0ttsPI),""Best Western Cooperstown - Yates, Brendan.pdf (https://v5.airtableusercontent.com/v3/u/44/44/1754762400000/8MbxksJBE4itaMGyjuW-2g/od3Z3RAr3Hi0VOyADJNpxg5RA1Mmvw7mPQ9utVePhUsPCzNaPqZceqQezsM4gYXOnjYhSyrthYxVbdpNZhKzydBlQZ7FwuBllhMgYFWZHwIDl8KsmpWBFUawdXNu6TtfFAPe4oKZbmLQyGKM-6u-flyYY5MURPll9arKPgVaQ2z0apeDJ8XXhbDTt241T85k/3wKeONuggeds7LqJY4fYZYSLrqvdc2tjk51jTBefh4M)"",Best Western Cooperstown - Hurdle.pdf (https://v5.airtableusercontent.com/v3/u/44/44/1754762400000/hqKZEdFbd81QfsN78St4Ng/Hsik_91Af5tXbYUfqsz4xup7BYzGAcr0u15-Lq0m09hkQJI2fXd9HVbH0O2PeNuee7YLsd1NEfHrSugnhoJUmiFWsJlSuBCvbLzeowEVOulonj-J5qDO_NhjkhQcNixP2Jes8Mtig_mCcZEHMw9VGvvgOwND_LZzVt1lYk8TnGFQzJMKgBFpqw2hE0AbTDi2/_-Gp_eD2bE470YxEZDCzTJCUdEQbPPWXKd5e61zCiOI),Best Western Cooperstown -  Cavallin.pdf (https://v5.airtableusercontent.com/v3/u/44/44/1754762400000/Zm6N-VQpvA11YqVCHi79eQ/nWNEgrcsoFcuaxy2gxswnioc_-UYShGKz-j0uJ_h8Zsn2kyHe36rYhNVPBrPTZaCCNyU2LA0jocVGJEuTLaMNby823Pb615CeC3YEZ3HARUuqZtzWSufQHnP-_ApwpgxvFpNbKvjV2vbwgWthQK9ZMDXYHsXrjeixsHYwJOWzjJ0ThJDcnE0EBoqpvTsOFzI/iosSCVtMEzHLNv7YL7tbaH5oNevEQAbk0PmlPBDsDR4),Best Western Cooperstown - Rojas.pdf (https://v5.airtableusercontent.com/v3/u/44/44/1754762400000/AHWWRUWCUoPjFx_TtP_dcg/FrXW98OXvnaGgWTJpkuerHbNWcZqAULoHIXjSoCmbv1I8NJy1pAjJ8Z_xB4f3aq7LRCNGLlgGw9F6YLiXGj3iloNH-uruHpNUnQR1eyovz6BUyDtIQVWNhDkVbuz7AYASJO6kdMl2E73on6lXybidxOI761HSA1QmtGvNEA6Yb3UalSnOxrKtT6s0HViMlog/imLjgQvMxrdl5xKIU3VK5p4nLsju_IXrkWXgGlG0Ndc)",1/28/2025,Kyle MacKinnon,,Marlowe Teichman,
1/29/2025,,X530,ALL,"Holiday Inn Brooklyn Downtown, 300 Schermerhorn Street, Brooklyn 11217",$109.00,,$109.00,29,$3161.00,,,,,10%,The Vizionary Group,TTA - 05565556,,,Invoiced,,,,Yes,Yes,Yes,Yes,,,,,,Aly Martinez,am@nyhotelmgmt.com,+1-718-330-0155,The Vizionary Group Final Folio.pdf (https://v5.airtableusercontent.com/v3/u/44/44/1754762400000/qmxCzXm3bxVolSkiMP7PMQ/7nSmLeo1XfrgxkfvWJMVx_VfBzZHozxhNHhvdGeQ4ij0rspt_IsI0XdT5KB0DS78UVZHdO7rUhIpJ6aSdCc39gl1q-0NaN22-un8mkMvGO8j1-GbedAkmXVLwga3R8z4KWSsd-IARLWSFP0zVd6isZWWnuJAD3vzCTfaBd21ViuRQU1S95yFHuPGnwxxv25g/41LCTeKjJcqJu6Ps_bXpQh1nD4DgKPMnxKANWjxyjW4),1/28/2025,Kyle MacKinnon,,Marlowe Teichman,
1/31/2025,,X528,A PARTY - ARTISTS/PRIMARY,"Courtyard Burbank Airport, 2100 Empire Avenue, Burbank, CA 91504",$0.00,,$0.00,20,$0.00,,,,,10%,Transient - The Colin Feeney Group,TTA - 05565556,,,TTA IATA,,,TBD,Yes,Yes,Yes,Yes,,,Jake Maguire,jake.maguire@marriott.com,(604) 899-3066,Minh Chau,minh.chau@deltahotels.com,,"KAINE_59244.pdf (https://v5.airtableusercontent.com/v3/u/44/44/1754762400000/5jTJOdDzBTMkvsGsdMW4vQ/WV-Cwid8cjK4gUREewB_hnukU5xyM5h2skWvfzuMcNww-aQhXSVwAqK-NPh__99ySFr_Ub3M1a6WQp_XatfETkt70Ky2oNFoo4OuED3to6r5AwX9orM7SySYATSQwTFF0T9Hnp86s-SnHwqA5REn4oizrDZNGU2_ba3fv3npeX4/rCEGubIXeKtn-HIOWDlC-MpSZ-zDjAxu-vNxkGnkmdI),CALDERON_60401.pdf (https://v5.airtableusercontent.com/v3/u/44/44/1754762400000/ZukP6zGMDJtozrRKZV2maw/jUT04-hQlGVcy72RUDf2P-6DFD8tr1CGOELpuaFavYMFN2gsKCbaZs9EFfl1qQDJpYnts-_18PLszFKqhg6kckIxRjdc8w4CkqzvMjLQVd1kU5s6sOH9fbrRvF-f5NJ9MFCZdMnXzjghuczfKlDe8qFZfVvQir9LGTsqlCwFl-w/9IKaeMkfxlHgBTDLr4UXsCCeLR904Kbyj5MByMjoLt4),OTTEN_60403.pdf (https://v5.airtableusercontent.com/v3/u/44/44/1754762400000/ShWgHwJgBDFLHeXTVSF7KQ/RUaiKZ48Hz7scuLw4G93bxvg_mcskzBMpLYaeSgnoqAuyjPoXHC31uAffkBIXqsVlfupWjkoSDsvGAZkWnBT-dWzYAzb4dyZbj0606GsO3ow2sUuiYM759bI_MAPL-gQ4hvohd558gNf3ekZYo19gAyrHq22V3Ax-bPuMXQEjcc/BRCL1Kp8vYdx56sbgf0cRwtiO4vwiL6Ieyz3zmshMoU),LEIBOWITZ_60402.pdf (https://v5.airtableusercontent.com/v3/u/44/44/1754762400000/cafVPvQZP7SUeyjEpZM1Bw/ynQl4_hD0gWVYnqoNDmLfG4nNjvt95RMiKi77qCCLThgBO-TcWCA-BL_q3WMXpPJ8Iuk7t1P0RHxD2OmZ7PHSOllBqff2gDrdXVJiSOzgkdYeAVt3xxCcOqf1sykCSuJPgqR1HI_7XEl0ziKmsw9BGk3shVmYaXmqWbkQpOQOag/Hjvy3oql393xEYsC9OFYymbgh8Wo3wrz6J-Q5iXvMjU)",1/6/2025,Kyle MacKinnon,,Marlowe Teichman,
2/21/2025,,X530,ALL,"Hilton Mexico City Reforma, Avenida Juarez 70 Col Centro Delegacion, Cuauhtemoc, CDMX 06010",$179.00,,$179.00,235,$42065.00,,,,,10%,The Vizonary Group,TTA - 05565556,,,TTA IATA,,,,Yes,Yes,Yes,Yes,,,Renata Lacerda,Renata.Lacerda@Hilton.com,+52 55 8425 0564,Carlos Villafranco,Carlos.Villafranco@Hilton.com,+52 55 5130 5300,"Hilton MX.pdf (https://v5.airtableusercontent.com/v3/u/44/44/1754762400000/hIXyM8ysGgevtCfxWEE_dg/QmiyGFo4eXA8ykUeSmWzB6g4kZmXDO-bME_z7NvmyT6GPsjZ37YZ9qchv1fHsNvte1gF2Ctyn-0VNJFscjXwu9Vc_WMY5B2eQ0Ygjw_872nQ63JX8S79sw4YVRcDKeMnJoy8phOQSOUuKV60lfxfrKiFIo8ie_L3jV_DVp1nucY/dSLdVtTE3eqXWevq0NpMm6KVp9ObGzMWoCBWzi582bs),Hilton MX 2.pdf (https://v5.airtableusercontent.com/v3/u/44/44/1754762400000/ackCZZMQyLSFCMuEM5CGIg/2_VSG3sXYApOPnQfyqXk_XcFaToPRrMT-gtHkVEVowy13FG7l7hCUov4QpCNvPurFTiOQXGsvEfCplDv_rtIBtZvAZgrc1z0OArLAVjk1lS-ovjHjHIcQ1rzKKDSVExgWaO4Rdfx3Emsb6sx-u-DDWig9CKQG-Gfkm_UtHJ6w64/P3jf5FsNalsQMXr6IPYUpImkgPmMv_4ClxFTH1IPfvk)",2/20/2025,Kyle MacKinnon,,Marlowe Teichman,
2/24/2025,2/25/2025,X624,ALL,"Windward Passage Hotel, 804 US Virgin Islands, St Thomas",$240.57,,$240.57,4,$962.28,,,,,10%,x624 The Hannah Kraker Group,TPI - 10504292,CC AUTH FORM (Blank Update Form).pdf (https://v5.airtableusercontent.com/v3/u/44/44/1754762400000/fbN-1RZEL55pP1NSRXV4ww/z_rqair4voGFedL8rlcmoaauPzYVueDt0HSQSTd8AqV28FRXmQK5AgnrHmNMi3ecF2G1-Rl5llLORUzTdWzRaMLPvGD9md8PtU9V50muLhs8lnPqUM6XkUYR_D6cgIcg-lYHpVpt2MbU0gi-m62ti57u5-Hw1YE1gSNqgjr0FC1AKpavtmaivin1kfqZ9924/RQAKkhjbEUEu127C-lPIm5SISPDRqqc76BTpqGxzsW8),,TPI Submitted,,,,Yes,Yes,Yes,Yes,,,,,,,,,,2/7/2025,Ashley Tran,,Joy Ayodele,
2/28/2025,,X526,ALL,"Delta Hotel Vancouver Suites, 550 West Hastings Street, Vancouver, British Columbia V6B 1L6 Canada",$160.00,,$160.00,6,$960.00,,,,,10%,x526 The Alex Kopp Group,TTA - 05565556,The Travel Agency_ 5x reservations.pdf (https://v5.airtableusercontent.com/v3/u/44/44/1754762400000/NL6VlU-_vMcLN0DLyAI90w/0ZyxC41CZRv-7fAk6Nw3QfimSgyInBRJ3lz1gfSYBkLGBSkAKGjqJn9oqCkvyBb-T_sLWjJMrs5xhn0Nu9GgyGl3o_RT5dbAyiH_eStm9C6F07ZTSSa8IKP6FTjblTGYdkRUl9cFEpzCrwi6WBDaYGkEzYOa2CLe2eqU2GqgLC8Tk4AakHvxo9cnLHa2MyBy/fYtWzeR2Ccsz-ItJa_4GgsttnJd6xn6kI8OubjGG390),,TTA IATA,,,,Yes,Yes,Yes,Yes,,,,,,,,,"""Folio - Egan, Peyton Sullivan.pdf (https://v5.airtableusercontent.com/v3/u/44/44/1754762400000/LSYZmRkq2_qaFnLmWk1Aew/WP9HnJJzOBwMc3-Bf0WKsBp1tO5eaG_C7WnELSNmdcVN2Heb1rW1UYW5KCG7o-xsB2pVspxmMtMygGmXsUX_dbnV5dmM_Qy14_GZbYE_8fRWQXpCC7Y4PsdNdcy-24zv1zM5aJh1txYxqmYmDqWMZcgTrkcOJpYwe4y45i6gdYT7eohw_14E0_mVBtPsmvc-/FP-iK_k87o1Bke8HCSP5loBVOZFoCEhMXCiHsbKTMlg)"",""Folio - Carcia, Ryan.pdf (https://v5.airtableusercontent.com/v3/u/44/44/1754762400000/peAHuyQ_bSatFPXt0VML2w/igOk6WlNyjhzZBPtnpHGnXhpAGY9vqC7FV1QDpZn97o6Kx4lyDOzk05D6-9jYMmmR1tJ1NxhRvFmGWXb7KLFL1k0Tw3Q4D2Z-0Xe34Qyh21ZgI7kekyYefHTHHQBHcWFPuFJwBUoOkRmD9nXK_wl5EJz3f2LNVtm3FQStO_Bbs4/36wXQn8KpJN34KatTwoOsqALyGa2uTU5v7fq1T-MgLs)"",""Folio - Kopp, Alex.pdf (https://v5.airtableusercontent.com/v3/u/44/44/1754762400000/PgQi-sHpO4MoeuSKbdo8Tw/PrbVQYMBqQxWgEBq29gdQxIzHCE9iZ4TbnUybVMVIWKkOM8qRLoRmYYmNRUVMqmVNyfbKEgWabPeTHvQ8sMEJNibOZ20R26r97iIfQMHzWklfY71EI4EIAHYzMHrEqgvGoNvnLysQeWaiwc7t-vBjZFqX1QawSfwodGCyYkrKiU/BVjpO-kf1XFiOBx8RBzBoa_wtdiEGC7_tG2Dv783bRY)"",""Folio - Danielsson, Magnus.pdf (https://v5.airtableusercontent.com/v3/u/44/44/1754762400000/j27GyeXdtG9h6cCm3J_emw/0Vr6qajTnk7geinXvq5YKHi3ZTzkU_4nUTKneyNv-qQT4h0ZWc8_IWZcasKDLjA4t0NEoDfqMiNaNq58Wc5ljjaaV9iCe7c6H5_YjqkFk8iN6L8JfaOZDQI2B_-36FKGgL3qqoXQBI4waYAV99GZJzAlCUtOQbYELb0qgQBK01qlxh41UdW1x8ckBR0SR-am/EIWxVJDvREA9STfeC5049QTz6xeu4G-6skzQObsliLY)"",""Folio - Allen, Jon.pdf (https://v5.airtableusercontent.com/v3/u/44/44/1754762400000/4MiL6T2V4q9FP4GNrbPirA/0hVXWV64RE4qPYvESgObWp2-DV8FK64o6qy_Zu0Mnui7cUn5EGkmMxL8PJL6o7Cevbg8umUdBQro0VidAMxOIs8L2pFDo7ASClPdjr9e9i6ygtATefIROzs54V8qBrww9itDPvD2WKiX_nz1DfXcldGG1YI12qmGASVrneN5c14/_K1oQUOzp8vb6u6JbZLiANdwSbyA0X8k2fgucbC8MnY)""",2/5/2025,Kyle MacKinnon,,Joy Ayodele,
3/1/2025,,X526,ALL,"Thompson Seattle, 110 Stewart Street, Seattle, WA 98101",$179.00,,$179.00,4,$716.00,,,,,10%,x526 The Alex Kopp Group,TTA - 05565556,CC Auth Form 2020.pdf (https://v5.airtableusercontent.com/v3/u/44/44/1754762400000/VO9nhzYaItpFlZIEwsaw0w/Qz5ySYKUtC_J-flNTQ6XdqBf1I31Db3nadiYfbWp8t5zJ2DqRkkitQc6FDbJiG0gLMcA867FxuebIt4YPIBtKYjbkwoZ9gDfrvb2BWtsvn371IYaRZcgxNyXAlOEPtNaPRe2pBy8FVd1UU9lpuUCx6dZR-W3FHNPIUOfBwlezNw/jjQWv4UtbbIk-G-AB6N2cnyruZM-sdGaEFjSoVZTxds),,TTA IATA,,,,Yes,Yes,Yes,Yes,,,Lauren McNeill,lauren.mcneill@thompsonhotels.com,(206) 858-9889,,,,"Alexander Kopp - Folio.pdf (https://v5.airtableusercontent.com/v3/u/44/44/1754762400000/8uz33nboN3CJUW1qKuHT4Q/DNWkpDkS__NrOb1VkA-1kn9SnLhXYpaz8MsS3M-awo2QyhaQ7a01ZjvCvxs3JteT278ud8WG22NOCVXoIwVZOKDfVKGn12yAmfpHBG0vhH-nW7dlKR84RZA6QSQhZSvQIfdQl2i-0d4JBdrguXjdyjVxjMBV8ImaWv0ScdJQJ2M/bzNKUgezwwcjnboATbkhVA683_zei5xkS1S0QyIDH4U),Peyton Sullivan Egan - Folio.pdf (https://v5.airtableusercontent.com/v3/u/44/44/1754762400000/w0ZD2bIbIKI5U6RWMRO67w/b1xUJpXLUjv7i-0JsEaxxEVsPqtjRy0QiohDeCr0dtMNxmqK4QAA7dJRs9m247864rShPENk3DBZyMoH5-BKpwiViw3Ei3yjxKa-ncCcRuzWktxiuHKTd_Lh-GONVSZYCDk7FQVOtbEVPQpQfQGBI2MvnBj8OhWQWwOGU1-mSNwGyEdMVCJ1B-FCfE_KWurA/_grRqOSGH0767aZg0OPq5hEFUOcZhKR_uE76jgYb0fo),Magnus Daniellson - Folio.pdf (https://v5.airtableusercontent.com/v3/u/44/44/1754762400000/gbtcRBRd6oggdcxNsti8Sw/mfrEf5_VoosLUUFoL_FSV--ZJ2VczskTyatrUoYfAjLXWF_CeJ5W4fk33W7UBThykQtCRLGMi92j2HQZ2pWhVNwPrNd_s13Ogr8-twXp-7-TPRAg7bjI9kW33DkTTalBnalyCXA-I9drptFsruDSexVv-WGs8IrE2QpCSI990DIpzZ5uR7EOHwzPOtwH0mSO/FNTJg61PgAG05Wuz_kjjl_g-Jgc6Oj1YnUEd4kqhfw0),Jon Allen - Folio.pdf (https://v5.airtableusercontent.com/v3/u/44/44/1754762400000/T8_o0Tj7kil651Glipcbng/iv7iH9fmxyWPlNaZHlKFK96fFW59NeiekrbfgGsZj52dqQ0JnFDSevt6fY7pqVMknsP94ezbbRB2Y2y0yxQzmYqTueOuAos4UtjAr40CE_c3VBiVVocFTLCwKqcEwsWizOOBiCAYHIlE9SLvlz4ncshfYnYxF4_blMshZSanIuQ/L-WoAgTm73bnupXMIcjFkwNfRxUL0oYstuxkIJyNMJE)",2/6/2025,Kyle MacKinnon,,Joy Ayodele,
3/5/2025,,X577,ALL,"Palihotel Hollywood, 7023 W Sunset Blvd, Hollywood, CA 90028",$195.00,,$195.00,17,$3315.00,,,,,10%,Hannah Kraker Group,TTA - 05565556,"Hannah Kraker Confo.PDF (https://v5.airtableusercontent.com/v3/u/44/44/1754762400000/8FFC4XQXpETvYi1rvB7hIA/U1f8oE4NaJMKI2f5MCsNy5752HiV_kRwICEAkkx9jjKvZnuBxTWHO1Wt42VFGRE0dQXSfPEL2A3GbksLUKgh2Ucz423ud3Qj2I2_4BD281wbP2rtfdxHs7TvyVzeBAV_mThvTgRxltz_Q4vtIzYnsFP3taWBG3q7NHJV-ZjyYyY/0-7lTXjxFhrkZNmVusZogvxR80UEzNNdpio6g1txdPY),Submitted - Canary Technologies.pdf (https://v5.airtableusercontent.com/v3/u/44/44/1754762400000/zq6tgB-sPoGmqOA3ldn10Q/GZYk6oeKGVlPl9DrPs2FChJJECnFfdG606fJFrvNvMG8tWXWpKqjVxUj3uYm7GeqF7v6PwUOfmUhAOmd-kM_iQa1zDDTEMIBYEvzIhGirEVY4g1WKyJl97P-tswy1TLYRjlBXqHG9KRV-mVs5E3_S76TRC0qBTafabz6jPUafG0WF6SRKbONVyataHOsqVzw/y8vV3S4SteYXMXegqj_2Bp57X6tRaY5Gm9RZCFhSzBo)",,Invoiced,,,,Yes,Yes,Yes,Yes,,,Joshua Cottrell,joshuac@palisociety.com,,,,,"Hannah Kraker Pick up.PDF (https://v5.airtableusercontent.com/v3/u/44/44/1754762400000/4EARyPE96E0ftBaa1E0qbg/ircY1LhxxE-5bUNocZ4r7Dr2lOcxdHgTrhxVUvi0fCfnEj_Qw7y-qaYabGDDCuFhLE7LYfpKP-2vI95XnKHCjRt5nKDYyhGkz9XBqUKCpFMBcDGMyvzftJOQYJkvE39x9UJxG_qgkRVjBDve-2d3NcZbYzMcAXLPOIQKXVsa_cE/lblu3oa5ESdyvWEcWDMc49oNStBPEk0MEWjdUNcRmlk),Hannah Kraker Folio.PDF (https://v5.airtableusercontent.com/v3/u/44/44/1754762400000/ZgTh6B-WcT4DWu7mq5pCkQ/-g0ji3ScVEnN56H7xzvdehJEA_dT0Urem9ZATLld08T4ps6nkxZH0BrXc5hjvgPDBPMkEXKK6JBF2E4ALN_voUKk_yjwD1LzClGBmbpq7N59xJ-Ci0TCHok04_xNloKTBBVcilRm4IhUFiHIgQ-1hEGLb3y2w92LDUhvixkOC1k/n7FLvgd3GgSdN02hy7FLF1OLrdknEIuAgJ3P5Asucns),Allan Bates Folio.PDF (https://v5.airtableusercontent.com/v3/u/44/44/1754762400000/XHnvDPxEkgFpuWZesGe_wA/odt5QE6OrphcW0xChazthiFbQsjbyEO6WZBMMtQR2jMsdgEJrw55oSeVp-OQcS30vT2DO0jf-tEC90LjFomuK0Ug5iMUWJhDALcLwta6vMAnUstsdc8atGRI1Xfx9dOc6-gyNO7A5ygEIMDXDzDs0qXD5jIx-PyqFuqtwW5LQDE/pJq_U5xkUVuHncxqGc4OPJLuZqMaMzElEn0NtqjeaZQ)",2/12/2025,Kyle MacKinnon,,Marlowe Teichman,
3/7/2025,,X526,ALL,"W San Francisco, 181 3rd St, San Francisco, CA 94103",$193.00,,$193.00,3,$579.00,,,,,10%,M-UOF1MO7,TTA - 05565556,"03072025_LOI2_THTB x526 - The Alex Kopp Group Room Block Mar2025_SFOWH-Signed_Documents.pdf (https://v5.airtableusercontent.com/v3/u/44/44/1754762400000/3yrDacfV8nK9sSqVrKK70A/q-SwOgRhnynePjQjFlG4amqUdNCdXYgn4oHor8s24lONBSkAwn6LeS6uSRxFNcTo2Dm65J8GEOKf5baVNJiHC4CtrFd_qCQb4-x5RNrfZJUWuDFp8qyoO4xTi8yhsBsnXzgf3LlfOpcAoVGfUOOPEwc03tE2Zj5slmAsEqegR_mUcYPD2zRoz6xneNetX-fk0BwjYVQZ0pHQmtP2D43yfuX9tEmeKarEPeZ6h3-8Pu-Etmx8Nb8RH7nfCmMffWaS/pZxxSawEHbP5cgxP0RLbOUHv5YSf7uhgsuaKd8ZMxFs),thtb - the alex kopp group-rl-1.pdf (https://v5.airtableusercontent.com/v3/u/44/44/1754762400000/59h_eUt1YPfG6qHdb3r9_Q/J_yCQtLuPrTs1sjUKHv0jqqj1xsMSmrKi5iHHh2OpkyLcbEQnOiWiHnT0SI6mVV7Y_iYS3HqC64Xu6JVImvFU9fejvb6XYSlPkpRafUkS3kxwx5v8TMPfzjATnSofAabLsq9s8EcHmbyyKKZIOnfC1ykzGHcrhP9my9ugAOPtcIa6ZBF5pt07Ve6Zes0Uvlv/zuyfowWGrpu-FPNlM8BNpRiH5bbGJeWZeMAgJ6V7WEg)",,TTA IATA,,,,Yes,Yes,Yes,Yes,,,Jamie Mahabir,Jamie.Mahabir@Marriott.com.,(925) 433- 4511,Magnolia Guillermo,magnolia.guillermo@marriott.com,4158177858,42SWH_03_04_2025_1787467_03_14_2025_11_30_13_THTB_X526_THE_ALEX_KOPP_U1-144c.pdf (https://v5.airtableusercontent.com/v3/u/44/44/1754762400000/VqjtRjyrLR0yUE7tH9jWqw/KUZIpxMiuRb0MQIuyQZ3tcRCxaI0yEZiStpD8X7M3pVcThY5vwHa1wK-juIRo0Olslx0LiFDKCsIjZmyWYDmWuLeyHOTPF8qv0r3IkF_iJIuLS5fXR0D5OCi6TsCq2o3Ggcd1JpMM4U9-uvsh0cuE0mKVKA_u6TOtcDgKcY46XIJJa1X8DYcXAXNXWs4NDLpn-Ime4ag50-dQeKg0AtKWBmXv-6MalmWdE6zHqWfyQhqBabGizd0yvFDgTcA97tO/aysn4vfom-8xPzI3HU_J_pQbCLL_AteXeBI1jW9Rdq4),2/5/2025,Kyle MacKinnon,,Joy Ayodele,
3/8/2025,,X526,ALL,"Hollywood Volume Hotel, 6516 Selma Avenue, LA CA 90028",$0.00,,$0.00,3,$0.00,,,,,10%,x526 - The Alexander Kopp Group,TTA - 05565556,Thompson Hollywood CC Auth Form REVISED with sertifi fields.pdf (https://v5.airtableusercontent.com/v3/u/44/44/1754762400000/7GK6J0pdIqdg8ac-chYeVw/ZIDed8IQ0YJPNudkUC3_YcplZHaId0MY4WZxuOVu4TP-SD-kFxhw-d0fbuBoXXX7ftv0CZ7G53KinWi3vkm9wKu_-XurgsPa-tc6rA-9yjDqo9T5AbeyrB41hE8mqqgV_iM7R0nTJTaAygj4zOnlw9n_6JUnwpwqaBelwY4rr5EoCIZysOt-FzF5Oz0r31OMspZ8tyRZ9ssRsAQqRpw59g/q11RlA-hJXJs3nhrhkgPzeE7h-NADNl1epV9MYe_guM),,TTA IATA,,,,Yes,Yes,Yes,Yes,,,Carina Soto,carina.soto@thompsonhotels.com,(323) 987-6516,,,,"ALEX KOPP.pdf (https://v5.airtableusercontent.com/v3/u/44/44/1754762400000/Pt7oMWptB3PaPRumlLmL2A/-4k1xNNnxANzO1YyD1U8wUmKJQs93r-vDaodpVHsYFcKKXoXZBR3-4H0j1SSoo4V_17hHmhf85rzOky1UsCq7cp3mRnwXC0qKymb5rUdDKd7O7qaG5gRA4KVCtnGR-KJWbenrrBcoUBlp_PaoBkCTxwhDl-7T6ZgimcBpevIyk4/HS21uL-jD2uyZqgDe_5-rMyFe3v9PtqzL8E2z8X4wMI),Magnus Danielsson.pdf (https://v5.airtableusercontent.com/v3/u/44/44/1754762400000/1kXI1Pi91XUCXtrycTl4Bg/Ke-uigOSmlAyQJnWcykzQGWrZLpt7AxJDujJgZdHM9tLpdjeYwWm7ja0rLkRcjhPCvL1pTxgmBGbstThqVxFrzyfBfQkbZPz0iqBp_1MUbSGirK57r4xLb4pr4uIiA5cwvtzYnuYqQb0hC8PrMIArKfTx1_aSDviryiGrfM0Q9A/_AfIiqqrGHhjb-mYB5edr3JXk97cKpiO81tlAbBM0SA)",2/4/2025,Kyle MacKinnon,,Joy Ayodele,
3/9/2025,,X626,ALL,"Silver Legacy Resort Casino at The Row, 406 N VIrginia St, Reno, NV",$57.24,,$57.24,4,$228.96,,,,,10%,,TPI - 10504292,,,TPI Submitted,,,,Yes,Yes,Yes,Yes,,,,,,,,,,2/13/2025,Ashley Tran,,Marlowe Teichman,
3/9/2025,,X528,ALL,"Holiday Inn London-West, 4 Portal Way, Gypsy Corner, London, W3 6RT, United Kingdom",$135.00,,$135.00,99,$13365.00,,,,,15%,The Alexsandar Boyadzhiev Group,TTA - 05565556,"The Travel Agency 09.03.pdf (https://v5.airtableusercontent.com/v3/u/44/44/1754762400000/zdWs3TObhoYJ9uXkCnCs1g/MJpdg5N2yzZSbawNMDfRO2bLX7ug_zFScXm06kIE03nd0k7Lp30uccurFkLoqsKkBX8NQEwGKNQGWA9H3Y2PgnE0rJ0J5xovAk24WmmBH1oYqqtwMbM4X5__THY1qfQvh7t8KMJDweQ5wAFgdPYazYJ378xXD0cOyEAB2CbQovw/j6fKu_bZeMkw3a_vARIvX02Dnym7ktAu0oNYMO4pyY0),The Travel Agency 09.03.pdf (https://v5.airtableusercontent.com/v3/u/44/44/1754762400000/5sHhGQsQs23etV49maPSUg/Go5psuHlorg-mvuakiKn0aTZrX8FFIuzrHUWctPVG3Gsp51hIEC3aj2cCGKQRIe2KrA_Na07Uh1MQ1CmS4YJ5SQBZIdph6mwI_SC_GfJ0n6HhD4ptLuwo0fVibhzqJJJjOtP0mlcVGKsqayh1jf7xGo10EfBtHZGZFR1YSQOh3s/3Q4NXNbr-8nGhH2v_WXlXE9ztj1r9-ldT--Y-Hhh500)",**Reconfirm Early AM Arrival,Invoiced,,,Varied - Listed on RL,Yes,Yes,Yes,Yes,,,Tabhi Sandhu,groups@hilondonwest.co.uk,+44 0 208 753 0800,,,,TTA Invoice.pdf (https://v5.airtableusercontent.com/v3/u/44/44/1754762400000/31RuWORctMkeLker_XonBA/nUAf471lNCfPcpMVVxpyD90dh_INVver-vjix7sgcrE91NgpBw1IbY-p7HAK1aNIEElHo--WJtLUu0WENdVsbzVfWpqz6ZOn5SqMCAs4DzVjA0rnD70zE2sTACNNFpaL0AJFbtjAhe__1koa7F3qa1TSqn4DMCNTukFYXnQFC9c/gAGhHZecP2TjsIoVIbiG8FGaJgGkttFpgy06BGOlaqY),3/4/2025,Kyle MacKinnon,,Marlowe Teichman,
3/12/2025,,X630,ALL,"Sonesta Fort Lauderdale Beach, 999 N Fourt Lauderdale Beach Blvd, Fort Lauderdale, FL 33304",$279.00,,$279.00,6,$1674.00,,,,,10%,x630 The Theau Dufosse Group,TTA - 05565556,"Sonesta Fort Lauderdale Beach CC Auth - GROUP.pdf (https://v5.airtableusercontent.com/v3/u/44/44/1754762400000/GByVpbsiUKtnjRkXyIXRcg/oLhOFi5XE8cgEwCO18iBvCy4aZPOSS6ilnq_KeNfhq7x6m52Df47JvRfCK0lsSCfTvI02bRNuQQEgyK676IWZDZHE4SDyR8XFvWSSlrdVGLOBQk3KwDqdrSJbuBaBtX1fU-EIeeiHJuK9MRx8iqwng5WUqAV09PZFpTkJ-opbs4dzKVJpbj06c8OUKZ8d1iJQzplOTBxnujY2SVwlBFnDg/izLmacR1LUiUUj_-uSQiGCw3y46JTntkwRJRhV3nZ-g),Theau Dufosse RM List 3.12.25.pdf (https://v5.airtableusercontent.com/v3/u/44/44/1754762400000/OXdlVDdCLOgA525ytmQ8mQ/C_S1yDoG0Nrg9G2BKMOW9TRcAIIBXlWaDwgtB6Stf1jnh0jrF5WTjsPGz5WlziCE8pFgAhWZpUYhmocVMN33W-Fbl6cMwnh1jTTQh2b_3d8EOrjtGqEvV4-5otZbaVn1IIkR4a0GW9coAVpeeelJTVrIsDItpayKee3QsIVYhyULthVIfw0e0yVhmvgRxR_-/04xr6CzRic-rU4xey8Wx1RWihCnuI5Vf_oigOhXV1Pk)",,Invoiced,,,,Yes,Yes,Yes,Yes,,,Sal Lopez,salvador.lopez@sonesta.com,(954) 315-1460,,,,Theau Dufosse Group - Zero Balance.pdf (https://v5.airtableusercontent.com/v3/u/44/44/1754762400000/Zg3tGux7K5J_7Qf7Blmjbw/OKhaJH3wOG68Rq5x22SP1rXnX-XwXCSzofu7ztKCi71NLa3-uN1H9gnQ_5mE4IwWAEEAjhYamw7-uzdf6lAlo_tcN8uuEOdaqfkZdc-hhK9hxQZn0vs1wFY6QYY0F95bSxG7cJAstElgFpgwGMVdMKt70uxhLtCP0yA1OPb52LOHgpgFDulW0HvTFW3RcnvC/Cg0NVuDrdGA4gvsNbeTwzoiqX2P6PMlfReAaZF1KEVs),2/10/2025,Kyle MacKinnon,,Marlowe Teichman,
3/12/2025,,X577,ALL,"Hotel Figueroa, 939 S Figueroa St, Los Angeles, CA 90015",$199.00,,$199.00,9,$1791.00,,,,,10%,x577 The Hannah Kraker Group,TTA - 05565556,"Hotel Figueroa CC Auth Form.pdf (https://v5.airtableusercontent.com/v3/u/44/44/1754762400000/K2wk_UXchZ3h1lFtSFSfBA/sF-KA69xpPtvNSR15ds3Ydk6xmjsvz-qPIYjJDCyL8mqKGc-iSR7RtRznyLuXPcz7NmII1Y0cYzywNZ69SFTVo6QckLT-7ZZ6ImsydoLDo0Y7nkxoTHiMEhewQuKaynL4xbpZsAuvHzMW6BKQcb1gmVuQnakGBXe10-_rKVO5V5w1xJ1AWe701NFcWo7FzKl/uxUe7uSwHtbWxdXPTSWILH3mcSxndiOsOvGsjrnC14A),Block Code TRAV BB18 Touring Inc 33502688.pdf (https://v5.airtableusercontent.com/v3/u/44/44/1754762400000/Lc_Wj1Qn8sfLsUOVQvygFw/ABHIcIhXksjsdRv2xxllIeBwA4X_D2b8cBXtQVbdY1-J9sW7KB65qQDKoIRbMuao63Em0-YF-NTg4Qu3QwTWpec2qTOXoPMVaUhIhIuY6nO_dPXY2odi4sT92I4HL2dARqPJoF7l-jhGebMS9QDQKL21QCX4Mxgo3o4eRAaG4yZBOxzCGFO5M2ifsaI6K08n/euUc0IcVE0FALY7EhkObhhqRnuViYXq9ywLzfZdPDjA)","Parking Instructions:
After turning on to Figueroa Street (one-way street) you will see our Hotel the left hand side. Our Valet Team will coordinate your arrival into our Valet lot with a parking spot waiting for you.",Invoiced,,,Check with Hannah,Yes,Yes,Yes,Yes,,,Tyson Weder,tweder@highgate.com,(213) 660-3034,Gregory Matthews,gmatthews@HotelFigueroa.com,,"""BB18 Touring INC $1,772.38.pdf (https://v5.airtableusercontent.com/v3/u/44/44/1754762400000/VrMG1cV7o-Et13hBaEJ9bg/FZ7TezeO42mSxTGJzj9UmsaVkiKZt_Np5wmOylhw4_F0ja_0nWNrwsRts4lCtLlynl6K939I01xt58qMDTFyCYHmYB2_-iyxzhNGMKe186TWtDWdGJZyR4FS2C9BIRj9RH00_5_pGsQ3YhFB6K1nmwD6_kLWFerC2FIKF--pLpw/oAqbDAO9sRB7IexacpMUpHdusauDoskonEThlV-oA1s)""",3/7/2025,Kyle MacKinnon,,Marlowe Teichman,
3/13/2025,,X526,ALL,"The Lafayette San Diego, 2223 El Cajon Blvd, San Diego, CA 92104",$199.00,,$199.00,5,$995.00,,,,,10%,x526 The Alex Kopp Group,TTA - 05565556,,,Invoiced,,,,Yes,Yes,Yes,Yes,,,Steve Slack,steve@lafayettehotelsd.com,(619) 296-2101,,,,"KOPP.pdf (https://v5.airtableusercontent.com/v3/u/44/44/1754762400000/T7yp8p2CfR8yNtJL27eMAQ/Hf2vSAzYZDithSFBMfUwsPStDeHrqwuBJ620e3SMzjdmmxDD6PcCG7uHxV8wXIi4X5_25uZCivLZqX77hLdbOAz5LVCa45Lsvmn_otvnYHsjJ03-sU8GDSmL2FKMPDq0x4iZp8ebEaWHffka3u9JhQ/gB78FtijJU4hyLNKErgOHhGQm4L9sgRHQvH_eaCydgU),SULLIVAN.pdf (https://v5.airtableusercontent.com/v3/u/44/44/1754762400000/IXIzptMWHrnPUpESkDW7qA/6MORwDAR-VEkD8BN0pBf6-_tLeZGJbQalCHhAUQcmWAaTqkjBMRvMxm_j8iRystY9NMzLKRmkYRnHgVsFuCFUC0-K_zi2IX2tKjqcCmt4k-eq3ki66Rri31qrm-zYlJgmQyKoJVQjeLSte4vhDRxBjipdpapFHp82Zv4aFWDF8k/o148f16xSt7rM_BL7z9jOArLDJg77YuDDQY8czlaD7s),DANIELSSON.pdf (https://v5.airtableusercontent.com/v3/u/44/44/1754762400000/2ZK09a-3AfihNDy8t13h7A/vv6Od51i2wMlUPlqexhrK7HpEhKu05HrZg1hjxiFPicEKUnhjOTDDtKh3IWKrnQep1H8ad_rdZSRwtKljx0S-GnOU1AwKEVdnyOHOO6SzirOt3l2CcKhFESC1AIdM4NhHYov9S8YyAunnTbN3BlageoEc7gDolz-Rx8NrraTN_w/FQXpOmthnbsJYEPo6HoX7TOh-ndDV3Diq-P7Ndmj6mc)",2/6/2025,Kyle MacKinnon,,Joy Ayodele,
3/14/2025,,X630,ALL,"Hotel Indigo ® Hotel Indigo Kansas City Downtown, 101 W 11th Street, Kansas City, MO 64105",$189.00,,$189.00,3,$567.00,,,,,10%,x630 ,TTA - 05565556,Hotel Indigo KC Downtown - CC Auth Form - Group.pdf (https://v5.airtableusercontent.com/v3/u/44/44/1754762400000/b4lx6cTh4r4uJMJ0lNAQMg/MPMH_8bJTkEKixHRCnWgXPLZH-X3nmm7gcefJokjJEVAa40dKc10TYUs_txXecHe_DhPUO6gXeyuM3e1W-eu1g_ZH1HnJmIte9VWLpWZabol0yWt97GiVKdi7shOlfxozYUqPRe8FEr-GxkcmPyuf8SfSrU21G2aQW01cDD9WOuRck6gRVZ3CxbBtQxU_UCkXI0VIoQrSO5mzncP7g1_BA/wE1bbmXaiKnsdzHWBRbd2IUmOWNkarYz9Uu5GgoRzhc),**Check out at 14:00,TTA IATA,,,16:00,Yes,Yes,Yes,Yes,,,Eileen Lange,eileen.lange@glmghotels.com,(816) 283-8000,,,,Charly Jordan Group 3-14-2025.pdf (https://v5.airtableusercontent.com/v3/u/44/44/1754762400000/I9tLqdX59J5hqtePdUTK9w/jM2s3D1-vr0XyFXDQM5Eoto0HNS3jF2PL2b1O1O7dZOjkjp691SfGPtYUSuTFzNNZtZOHv970FW3N3aB42I4n8U5MKjH47XwoCGtVDrY7Kq7_FZAYMmYzCAxbMAIB4NqZqn9eRdnaku5sMpcgUTeODzCLj6M4Xsdc-XkABKDufo8vIrewv1MvGvvGQGDillb/z_O9R7lPbC6ZWxPTkqns3opTa_dbHUGYv8f87j4u6B0),3/6/2025,Kyle MacKinnon,,Marlowe Teichman,
3/15/2025,,X577,ALL,"Phoenix Hotel, 601 Eddy Street, San Francisco, CA  94109 USA",$155.00,,$155.00,3,$465.00,,,,,10%,x577,TTA - 05565556,,Shower Rooms & Driver Room,Invoiced,,,,Yes,Yes,Yes,Yes,,,Isabel Manchester,isabel@phoenixsf.com,(415) 290-5006,,,,"Kraker1.pdf (https://v5.airtableusercontent.com/v3/u/44/44/1754762400000/XubMhjDTrltsGYQNiZxjSg/67ChW8f3I4PN-LlUfP-5nf4Z33U0-ChbO9pUwJlrJyy7i_P1gj0m0mv57PG9BNTS5aVX51zlMs5rM4uN_cNxLOZP3AEKvcx8Gd7fHMWLFYSWkW_cN9QWIAxuzhQnkQe1aWX-mFoX3JA8jonFjgyKo3ASDVadRk3mkpxywZOM8QI/aS_TTkGcItuxeBf8bTVnuSRVdDRyMF3Oe6i5Vc477iQ),Kraker3.pdf (https://v5.airtableusercontent.com/v3/u/44/44/1754762400000/UfjNw-E1QY0JxKwzbHaZ7A/6lD0X6idzV4fDjH08s28TWJAfK-Hah-dsV6-Gse-ifkd-PwBiOzars3sS5sXw1-MGYQZysZOquD8dP9GItXEy_BXKDp3IKi6roR0QHCzIyjrLsttmzZJ7dzBb_EqHlrIUogf9dre04QTgMFGH5qHR_vuLuM0V-38A1Upzr_vzDI/jGnl8G3mRxlhl3yZ-XLX-WXvtS2OuWg75nYG9GFsilU),Kraker2.pdf (https://v5.airtableusercontent.com/v3/u/44/44/1754762400000/E-sOq2FcmXLG3jNSTqbllA/ROcBRAE6ADi8R-mmHA4NCFkaJGLTjRidC3JMyY16SrNoy3bFTUjV1v2fgego5MPR6U2TV9JVvJbmm_1MlXLDUUkKZAn9yg8CdK0BI50CnT1nOaoh55us73G2iW7zBaAcVgu-RkDLjcnZFN66l4WHiU1cmdd76A9Xhma2e4QUiQE/4fO8U8iRz5vfqT8oWFheEUZh1Wtn9Jb-uyAqcL1xkoQ)",3/16/2025,Kyle MacKinnon,,Marlowe Teichman,
3/16/2025,3/31/2025,X551,ALL,"Hyatt House Nasvhille at Vanderbilt, 2100 Hayes Street, Nasvhille, TN 37203",$139.00,,$139.00,40,$5560.00,,,,,10%,x551 ,TTA - 05565556,Hyatt House Nashville at Vanderbilt Credit Card Authorization Form..pdf (https://v5.airtableusercontent.com/v3/u/44/44/1754762400000/Ay33vk8IVCm2jfalnzXTGA/Siq6DRb-8nGgZFzWXOF9ikASqTaUmlTLZuEvRCdeSnHS3_Bg1DD7y1Zb-Z10xtJH53u8lWZdvT--d5T28Xus6ZA1EXYw0YogIkYV70Xbts2S_aDM2kHeSpmsqBdoNG9gv3IqwlT-1PST1ywZYCBsLmsW4wUcuKiZofSWjSn99b4OQiZCRY_f1waAdgOCCcYi_-rqF6taNxogYugfxqF1x_ktjB13qUoErxej2t1sAoY/7sqt5VAnnGqKqKYzHMWodRlomD-O12h0XAOL0B2916c),,Invoiced,,,,Yes,Yes,Yes,Yes,,,Jill Garrett,jill.garrett@hyatt.com,(615) 320-9000,,,,"Folio_6177999.pdf (https://v5.airtableusercontent.com/v3/u/44/44/1754762400000/SxyhZDoldM1XUnt4HNKIvA/IlvrxvjneLpN5tnqO7awE1ZbrpSndf0dWpLoBK1ruVDOcSW_T6_6NPtAY1GSlaDdflspdsSVZAON3CuZH3jYbk_GDvyVdM83gLkOgDIt5fvXYbDkWS5Kjxw26Gb_T2gSR0FqAsk-tnLOC797GiW30H02CkH0egQOecAxLFj9m18/813pM10G8obwEPUXKryqcFu6TWKhp4vv5mJdA46QIwo),Jones Folio.pdf (https://v5.airtableusercontent.com/v3/u/44/44/1754762400000/natUuUAnBaIjhMoasrNZNg/roIw6Hu-qfoN6iWqT4qhHCN4RYRSHI_VXGAGFB8m6JG6Glbau379wamzM3HaWpVTDpw6pw16Wbx6r5dQfxvirWBxBbgSDRYjUPkvGpqt5cCdzKQT4LAy7xaORL1xAgaMmPE6dehlOh6dHDfQoJmev-yKuSKsbfQQonUNSm93kwQ/ltLHRPr9Cupzfu_1a2SUQ5VnFHrURtkLC4ZMg4Sa4rQ),Arnberger Folio.pdf (https://v5.airtableusercontent.com/v3/u/44/44/1754762400000/NaEto01ZgH9C0MrvNkT2Zw/FrUICGoEgvxCzDPZ4Cf1R4WOcSawjuU8hD_eieA8mKgsKSd37vQi3vMgA9E1vbFrL-D9Bs2RInvYgM2na3-QPwrhdvBLhajygq63ZiXZRjQF7rXNVL6a9LJ2A_6s5FfOfOVyuMCkC1nI_ojcu-Atugkpe9qukpEZd1nWD6MuHBA/K1Zc3nJt4Q4TdzboViVTGI-VWMR5wyfV1jDyFINUHgo),Gray Folio.pdf (https://v5.airtableusercontent.com/v3/u/44/44/1754762400000/mmpy9l40NXLiUXIKe0lnHg/PzZXNLEIQbNay136ynrxkTLCxqboiIY8HNZe4A4chpqKy5tnOsq1oTC0Sszt1v7eVNVpHY0Pq7lMfCHoP9ehpUhgCR3EWJcuHYx-KVqlMIgM7Iip3zgfQ0HaWdQVKtVZoBp3-PhLmnaw017C0FAhK-_BsLMbOKfx3XlVIoIKjtU/9rDU5_o0eMW-8S1v6yDJM4XuTNgfBRTWVwi9o0zkMkw),Martine Folio.pdf (https://v5.airtableusercontent.com/v3/u/44/44/1754762400000/LFlv0zNmOWejRVICSwIAFQ/rEGmLQnvUkLV0kPJlVLfl5OaaDBpU9xOfW9fPSKykgbrcBL1RTuPCBSc9l74O72EIUIxcINX28J1j8cHFxO2xDuozgN0H6MXgK4Hl-jmeAdjDCi0pXXaAnnALL6C4Lrmj-Q4Rr7tltTOGGIYNEQ2nm8B7LkDlhM6W8cZJ2cNFOM/qqRI-RdLs5OXjbbv01YqYT-P5W_vkBljLiuQq8y8T3g),McDonough Folio.pdf (https://v5.airtableusercontent.com/v3/u/44/44/1754762400000/SyqaL9Z_C_UehbeFMN7jxg/15DrXGNaPM9WXvYgWM_zNNe1vYBx6rtMVGPT9VF_B8MM-jVY5IGYmcc4NY04zd18ktxrgbkeT9w6XGl-ii8DEy7HLF1DhwHBcBYFe0nC2l9gijcqDOlTyzS3hlXvRFVYy2R8MI2Q0QNaLMrpN9FkrmhFWmQGoVzgc9UT1nNzcsA/kTl6nIZ2wCeBgczHypCcZjKrPLBRNsh7Fe9Dk9nNO50),Tribbett Folio.pdf (https://v5.airtableusercontent.com/v3/u/44/44/1754762400000/rseE8-RBSuA6nDWAnecUXg/hkcCetBkCvCKJ3Y6EcNvuY7AsnDm4SJAiL7dEzy9QB9fxhsm3q9aGrnZVOt_KSKPR2lLtsP9FEzzhhFgEQ_hqORkdBFCSuaCuvzcPvDVsZcWUBCML-IMeYuASlBcCXzA-E5L5-s5sOCclq8yZdwps-70BV-oboGm26dhAIL7GhM/rVt1HyxfHmqtvmjJeP-qmP-COlpzT9zMD3qP5x8uSKI)",3/4/2025,Kyle MacKinnon,,Ashley Tran,Joy Ayodele
3/16/2025,,X577,ALL,"Compass by Margaritaville Medford, 2399 S Pacific Hwy, Medford, OR 97501",$139.00,,$139.00,8,$1112.00,,,,,10%,x577 - The Hannah Kraker Group,TTA - 05565556,,,Invoiced,,,08:30,Yes,Yes,Yes,Yes,,,JoJo Howard,jhoward@compasshotelmedford.com,+1-305-850-8512,,,,Hannah's Final Folio P.pdf (https://v5.airtableusercontent.com/v3/u/44/44/1754762400000/MC60YUhzJDEqFgvULLdgQQ/-sHpkCJbbmFHYPruiPQ5twgB812Uu0tsh4UFfd9SBLiWRxe9ghAcTIiEW_JAq3gF7iKPuDa3pRqdA1dKPP2YAPDAptg1VVj9W0H0gxg0LW1iDQHV3GFybWTBQVS6MxLGn9-inZUMLWma5QMidyJzbZbmvKrRUHY12ALAP0niiYE/n6SgEwHPSPQ7QH2Upum_7-iJPIr2MS3ooc8CvS48gRk),3/8/2025,Kyle MacKinnon,,Marlowe Teichman,
3/19/2025,,X577,ALL,"Holiday Inn Express & Suites Salt Lake City West Valley, 3036 South Decker Lake Drive, West Valley City, Utah 84119",$0.00,,$0.00,0,$0.00,,,,,10%,x577 The Hannah Kraker Group,TTA - 05565556,CCA - 19MAR - Holiday Inn SLC.pdf (https://v5.airtableusercontent.com/v3/u/44/44/1754762400000/0nGNtBz3iq2mW9A4OugWMg/N4PuOgQx_VhsvWtvni5-cB2heYfO-BLCajqb3xZ6-0q6zSpdWxaY3UTuWSZWVMvHwchnfeR3o3fyIxz5yd-UQiZcXZMO7ublVQDk4XzQh3mdGDZBjOgJas__5tn3jjDlXMQsaZtvH62T60v7Qr8yL7i9Onej1_nwBOQe8HAPfwkdakvUTkDkCUwo0bT-tPb8/qkA3GfjO_SN0ABMMiivW9csf7qy6UJZaVyeBqSXNn4I),,Cancelled,,,14:00,Yes,Yes,Yes,Yes,,,Cesar Portillo,cesar@safarihospitality.com,,,,,,3/12/2025,Kyle MacKinnon,,Marlowe Teichman,
3/19/2025,,X528,ALL,"ibis Tilburg, Dr. Hub Van Doorneweg 105, 5026 RB TILBURG, Netherlands",$109.00,,$109.00,15,$1635.00,,,NA,,10%,x528 The Aleksandar ,TTA - 05565556,,,Invoiced,,,09:00,Yes,Yes,Yes,Yes,,,Ganna El Khatib,reservations@ibis-tilburg.nl,+31 0 13 555 4675,,,,H0647 Folio EN.PDF (https://v5.airtableusercontent.com/v3/u/44/44/1754762400000/r9CgNYPoyGFZH37sVI-Fgw/9h819SwMCbdjmTRxiSJhkoTKdUowYYICpH8uGsZr4j_7EpbbpIT2AsKKmAG1oIIKeClwa8cL4PHGL9Sm_H70Aeo2WKCeHXsKMErbOWQgZxVYujdGe4utWpuWusyQ8io1y_gjg0j5bX9OX_nhr3ULzyBdgFVxBGMoqDg1O9oi2BY/q1VnDNKBJmaMGvLD3RbqsiSOr1lyTU6RVTzmSk0VNdI),3/13/2025,Kyle MacKinnon,,Marlowe Teichman,
3/19/2025,,X577,ALL,"Courtyard Billings, 2225 Overland Blvd, Billings MT, 59102",$189.00,,$189.00,6,$1134.00,,,,,10%,x577 The Hannah Kraker Group,TTA - 05565556,CREDIT CARD AUTHORIZATION_COURTYARD BY MARRIOTT BILLINGS.pdf (https://v5.airtableusercontent.com/v3/u/44/44/1754762400000/q-Xek7UVZie6JFr3w99XmA/UcEm_lbrV9NQYH2484iFGI4DMGDk4NfFnTPfZ0_VhOXS3BSQxL-rV8mN38gc4GRpT4mV6_OXDehzVP6PhoYhtwzBr3qBM8H_SasQgPGgyfiNEh_GXDlTCSIJIZIeXAMTNt5iG8X27N-Gn1CcoD-HWhj718CDexopl7M4e17G8NmteA620k8W4s-Y467OLN0F-xVmHOo4djKHPGlQuAS3cw/7cZ1Qwht4qvSct8qaH8a3yUJHXj9VswVVWulNcwB4BY),**Booked Transient,TTA IATA,,,14:00,Yes,Yes,Yes,Yes,,,Kira Adams,KAdams@cybillings.com,(406) 661-1868,,,,"EVANS_52886.pdf (https://v5.airtableusercontent.com/v3/u/44/44/1754762400000/yBRujNd19EthmGJ1t4c_tQ/nViO6FF8s5-X1nbLLaktQKxH4W3CbD3FD1Le8DcC1Mwvh1JzfRHQJ2yGwWkOxBOek72NivwlbuISSX5fX9gfpO6JhUJQEJ96M41nWWgDccF993J63SC2Ea9lxE9sWicQ6dP_v2pD7uvi4cgVITYhxvG1Q67YSo9q30KY25NQA74/djMnghx-PmeIi5utqw9_3Cq5XWdBVOZqUX9Jgd-uXCQ),FETTY_52889.pdf (https://v5.airtableusercontent.com/v3/u/44/44/1754762400000/wRl3APjPYgSe_9wgsnMNjQ/I-pOHduFxUUemhm82mEhnkN3nf6dLI29h2R0Yau3lovL9h-Hojs33UR5tJJflRIundDc2Vy-5_-hawXfk49niHhxUrMzJ6yYoAaN9lqS1RZqBUn5V6P4KG03_kdZRV02_K1aaYh4gNLTEXZCYlWJP6JT8vCzh_vVsUVOnGf-38s/Dl3lFammVVe_vABK3QWOAG_RU2YN-xpyfXfPyNq4lSU),JOHNSON_52887.pdf (https://v5.airtableusercontent.com/v3/u/44/44/1754762400000/0jxsVCdO15u8kc4vA-TmlA/2p80k4nx0Twrst-Aq3yRkP6D8gRpRsy1JAlJLgheARLr4Y8XH1y1p-I3mej-FLU8-TMbk7Rsdm0JtPinsO0RIKQh4mY4HXQnIDoiXv-_nQN1m6dDerLxHTyYsRxFmHRP0AF6AAS_OmORb9rqZIQTlmeY0Rc51xkP-0mLvMArCVc/pAMRahMPLQckr589N4gbUsYyh9rmT-i8l16VzI-q47Y),VANGINKEL_52885.pdf (https://v5.airtableusercontent.com/v3/u/44/44/1754762400000/xcvtAp6JQnTT3D3rlogNzg/4v1Zh-f-z1JObZ-b8aWr0oGSf9Y9jAo8xKp81oxAABEmzH5V1IGneZyIgdye9IvO2zDJsBOGDm1H6hB-4ibRtzePdWjfut_3zRNAQkNIV3UCa8m9Xo23cnu5IiGjDZL8TWnaRFg_AtWu_iBQO-vSJUPc6Vrdq1pa9THTOL9GUgk/_BFSfJG8UQ4YgP1swbqKLDBF5SwFzTDqooVr0CnqsLA),WARWICK_52883.pdf (https://v5.airtableusercontent.com/v3/u/44/44/1754762400000/Z0XSUFpklA-mxHcQ9vHQ_w/2_MPrB33bUp-VPQaQSLIuHWgrdoyk02cV3RSkFYLlQc0rqjX7bcWVYRfikalWVdjBoP2eKo9HLp1gwkU5Ynxl8kZ6EZpElRn_LmHIS4oVGfcn_2n50P50U3tGNL5qyX5bYRFDfptJ5_KJOEsnIvBg4a-_MOsKb80l6fPIT65Z0k/OG6jBWoS_L6AHgzkvbrPQRui9PnZ1ICw0h9sXJe3Nkk),BATES_52888.pdf (https://v5.airtableusercontent.com/v3/u/44/44/1754762400000/nv-LF6WsQ1LQrDRPZFpA8Q/PRHI91Qz3LEp0jO7ZdZBu59AfcpHVhx9QkjLQiukqYXSdEfhF3tMUMp3iPonHliLPx0sWMjqGIaimuMCsLAVpvzpDiT_dDYs1SeZw52RQ5VzoNd0Q8F9-hyKkCkl6BHZhkaadVhDWYZGU4E_nNN1U_M19_gdV8KGhGDaaY_hHPs/ByrzS1k41xGPqG4bL4Ih5ADIg0pzob4dUl8MESvpSJQ)",3/16/2025,Kyle MacKinnon,,Marlowe Teichman,
3/19/2025,,X577,A PARTY - ARTISTS/PRIMARY,"Limelight Denver, 1600 Wewatta Street, Denver, CO 80202",$269.00,,$269.00,2,$538.00,,,Yes; TM & Artist,,10%,x577 The Hannah Kraker Group,TTA - 05565556,"Hannah Kraker.pdf (https://v5.airtableusercontent.com/v3/u/44/44/1754762400000/yN8DL22sH3YzGfULZarwEg/1_jW_Uk3RCCKFKVooXRZIWgmSUh5sNj-l06qE2O-kw8DCuWW03P5KlBNZInsYEJip_DPUvT8n7cIkiE-5AyUTcgHMyX3rRUhbr5kHH8u5fvETXYWnaZbu8VkHqvyrTkw5LkUT7YWBZcW06gFLcUzzILVTo5Rv-qdT2AtFrdHMTE/PQNv0cjSj-p-eDCSpU4L2x8hmKwRiGfCS1-Ln04QNP0),Sarah Maslyn.pdf (https://v5.airtableusercontent.com/v3/u/44/44/1754762400000/xEPIYqIOG1fJX7_CFjJdNA/7gRiuSCJk9yQ6nEg8o7uFHnNCITgMNKwl8ykPEsk8q4haixQq4AB6DhOXKfa8NzSkIhLGjt5IgAJ9BylBcMa4OC3hRQtFmYqdt6qDiKNGa24jW_n9uQDcJAUePOWJCFrss2WVsWw9iwdzEwOocc3s-9BEVvZlQ8Flgv26_Jzj5k/9w6GtPc5xXT1V6tJhX1BQ33j8t_26yNjQAf3nccvt-0),Limelight Denver - CC Auth Form_prepped.pdf (https://v5.airtableusercontent.com/v3/u/44/44/1754762400000/Pi8V4loDheKec57V-thk8w/EGN9q2RZGz8MCfQpIpZojG-GY6IMjNpiXXj4nw_FZ5kObkMcibto_xGdrq1ZkjhwMd5cXyDR9hQxtyWO2cX934CXk4TkGF1mY4LGisYf_eb0-ndeNT_6ZQAa3-8f22gZbWAN3OhBkN3doMsroiJD85Yi4UnK23Bxh7zn0EBuQug0CQtIzGIjIr09L66rTx8i/o6cs9kvmJ3oXoh-CwN9G0446jHYVh0Ib_7QSPRZw9lg)","**2P Check Out
",Invoiced,,,12:00,Yes,Yes,Yes,Yes,,,Hannah Hicks,hhicks@limelighthotels.com,(720) 592-1439,,,,"Kraker.pdf (https://v5.airtableusercontent.com/v3/u/44/44/1754762400000/KUfPzZ2oydz2etTNVJK4kA/ZnNOMSd_AVV-gJchBdaBOLsNeJMI5jy5cB_mAzg5G-ooU3k8UgLyMhkhgY0ZbmUlsUoINRp8anZvjzn4_3XTWgnBYVSQckz_asbvFdrEMbq5yLnUSL24QakG3B9vQcY15NZQyIBH7i0GTQdbYhMfm--j25CIXsiOelFgJgSbhoc/OmG0OwXIVrv6r0lWxmrKX6DhmKO_1-Mp61Z0PwLmEWA),Maslyn.pdf (https://v5.airtableusercontent.com/v3/u/44/44/1754762400000/5_Hz2dkbrcBgdx3SaNgseg/jjPQ4X5cX7u5lHIAbgfw1vlZsP3UiCVJlLrr_4pDBjZjh-bIl_gNZTOe4WC1xfMuZcvTqk1ElvfDty1FbKVbDq4dDfWOY-QM-w9i95hJG0TcmbPyyFgYPnmznPuIcS0a3N0KMVu1dBeb5e7-xzsxInywCgvX4T7vNAA_IFkOcDM/9qe13ysxWUp7Bb0gy4foX9BOjLPbdJAKRsQPY6Z3SDU)",3/18/2025,Kyle MacKinnon,,Marlowe Teichman,
3/21/2025,,X526,ALL,"SIXTY LES, 190 Allen Street, New York, NY 1002",$0.00,,$0.00,4,$0.00,,,,,10%,Transient - x526 - The Alex Kopp Group,TTA - 05565556,Delta - CC Auth Form - Individual - English.pdf (https://v5.airtableusercontent.com/v3/u/44/44/1754762400000/Zs77xSw4XDBYbkBPTfJYAQ/-jAUlUMVM1Yg65E8F-_lYODZcNCSnHH1AQu7mPm0FAE11UiWK_Oxqdl446DJQrS1H_FRJEgyteWt7ouA_q6YrhqTPTIg08ZO0xVTbjYP-Y4RzwK2JTBhFxqxMOnp0kz9SW88AwwQqvNgjZeE-maWUnrNHKLbTgT4bMSF6T3blY7Wf8X_moi6kIjnEuNpHRvs/5e1wm9paiyFRXu4xqn43a_IpooPdJ_20x3-LNvsfEGs),,TTA IATA,,,,Yes,Yes,Yes,Yes,,,Natasha Girdhari,ngirdhari@sixtyhotels.com,+1-212-460-5300 x7666,,,,"Peyto Sullivan-Egan.pdf (https://v5.airtableusercontent.com/v3/u/44/44/1754762400000/PL3SpzgDkVkKPfysDX66YA/3vEumLIQn5ktUacy_KvFmGYbglk4YAiGo4wr3-e5I2_bqtxxET4HnyRGrvCa6tJc9cZehD-973hHBOGMxY5_TpleiFAQ704yR-b54728jcXR4fPsllJadqLurkGeI_aO0-qGPiDwf_aU2fROzZt_YNssdXK8xAr8VmHLw6y3IkQ/c187B2b6KmzT4ZsRKluBCcDyvZbUdCuT0gdJ-YnWeJo),Magnus Danielsson.pdf (https://v5.airtableusercontent.com/v3/u/44/44/1754762400000/VntB77kzY1IelGvIEXkshw/1RJ_PmcljEY4uvmcxqufqUckzeJIfWql3FnVLjKbLmqRRGE5SqXxzS1msvb2yAGNqwS4OW0YCixaVx37dQZecBGPL3B6YvQH7iU6-YfEnedVqHXwzbWIo9JOlk6WYdAhk77prHmvGuySTsxXxhO99VsB6TtrMwTmIerrpIs-TTs/OdjfsYMEU0-_Z6LXoZQk9KrZNcCiB2St8ymUlJJE_tY)",2/4/2025,Kyle MacKinnon,,Joy Ayodele,
3/21/2025,3/22/2025,X577,ALL,"Hotel Deco, 1504 Harney St, Omaha, NE 68102										",$129.00,,$129.00,8,$1032.00,,,,,10%,x577 - The Hannah Kraker Group,TTA - 05565556,x577-Hotel Deco CCA.pdf (https://v5.airtableusercontent.com/v3/u/44/44/1754762400000/h5qNCyq_OB3L0Kl6VBoQmQ/NlMh1Rnp9cC9P8aT02gYso5zjWW-K5e69QxjX7F4salhx8wOvDeMuHy0VjhDQYRzBr9MQ1--jDfJRn8q6w027CTXXPhRha8_qIfz-PzQswbShMLBk94zujPD1gXfaQcGP-kREkLXO_dXfBK4AM-3d8g6leaI8I6eMg1VuahRLII/339OgiUCzdrmwFGo2vgP96ykQkmMuzF6NpqjQFa4oMQ),,Invoiced,,,9AM,Yes,Yes,Yes,Yes,,,Gina Miller,gmiller@hoteldecoomaha.com,(712) 371-9159,,,,"hannahkrackerfolio.PDF (https://v5.airtableusercontent.com/v3/u/44/44/1754762400000/ES-5MbmO7uobjQRKfP7hRQ/Mx5eVz3cYA9iJI4tLD7xyJIuBe-3goOOk9nzg7GzQXPgNA7HVdrk4R2bDv0tG1_zEXdXd89-92cH5Kqs1r2EJmXz4ZDt53beyhSzuC6hYRbg_-1jKYPqwAM7pct1S2pWTz2sttWZA4HrMMgHSffFLR1c_eY6Q3Fh5pRW_vtbLtU/lPXKly5Yn2TcjcxOXcof-Cwur1ac1ZSY-18TJd7QRbw),deco_payment_receipt.PDF (https://v5.airtableusercontent.com/v3/u/44/44/1754762400000/m6XgMBMarK7Xy5O45UWX_w/lvsNpSsQi1OLDxApjAEawlBSpBnlRsxIuPtjHuIVQJF_xAI8diZfGMbOUvCvlSKpFlsmrME2dsOpgdaMUkQgNmwQPaekoedfsfZEsXej0OzhSdqqu5UXmXRxBDKrmRaPe0m7xcByXwNNuRIeY6kwr8VtQbTUr1ns3F92Gw7vByc/m61Y4ZDWhg8qrrJ5msL3sva8Oi_uebwQ7j9HrelFLA8)",3/7/2025,Kyle MacKinnon,,Marlowe Teichman,
3/21/2025,3/23/2025,X634,ALL,"Trilogy hotel Montgomery, Autograph Collection",$254.00,,$254.00,11,$2794.00,,,,,10%,Transient - x634 - The Charissa Hampton Group,TTA - 05565556,Credit Card Authorization Trilogy Montgomery.pdf (https://v5.airtableusercontent.com/v3/u/44/44/1754762400000/DRDpaYztrmns4fdKKKFIkg/P3JMid4voSR5PreJhz-pI7PFdmVtjmwA2xqNywzTGFO4XR3rWhT6NNqF-dAxWlpcj3HzuGMs8gtl34hdJXUEtmkguMFS7_4hhjP_PZXNPHSJyIRvTSIo7Q6-Cd0nrR1fkXiMAbXxLUHE7jyv7mkMKbGrbQ23UsPgHsj7-ycGORLVxG8zoOwNT2R5adj2oXyRPm9iXnOPRpf1NqYIYwYVew/E5fmkf9vtI3A1Az5S3q6EBHG9GHYfEPABF_708lYytw),,TTA IATA,,,,Yes,Yes,Yes,Yes,,,Kate McLemore,kmclemore@ascent-hospitality.com,,,,,"L. Thomas.pdf (https://v5.airtableusercontent.com/v3/u/44/44/1754762400000/zQ5huYd9eJ6v28gp2iUUVA/r_FZxxy6Rt1Qr5zS3PuI23BKBtzu-ULutiJept35aXMTRcXH2XvzUmZTdGESRD8X6um2i2pbyn2kpL9XyEyUJgjZW2iOfehY4axLgeYlaDyOji9pUyRBmmc5K-Rc63nwDDs0vVJucyyuUxlhqUT7qCy_ogZ_VhyM03wY4Q30VJY/8jQ8tKi9-i9T1iIy4dNpws7s3_USzrHbEoMK_lZJJ9E),J.Ogletree.pdf (https://v5.airtableusercontent.com/v3/u/44/44/1754762400000/HfUOgc3K2mD2cxcvsa0Q-w/lIZxmg_O97Z-4PNNKEbGeBPxXahPJKW7wK9NTNH6kB441qeZcbkoTCljxEcgydvXh4rnZJPA0cIs5Ci_EoB5p1YJrd01y7REz6Ot5x0bn08N_r82tAxzCfE6S_cPQXQuQrliq0hPItixO5zCBxKKjW7v-4IOnfqT5sPxf7fY0Ys/0cqX_heCIvAQFcR_Qc9FRzdA4cdvVEP9GyYra25gyGU),C.Hampton.pdf (https://v5.airtableusercontent.com/v3/u/44/44/1754762400000/1q0EjquDZEMGpR3ncwdKtQ/GasTEe9mTo2wc7iZgxl8tUch1XemEyKIh4sRBwzi-qQ6-U8K510MNTfBkZSiA-pPGRZS6cT7_sZ7fz3sR4_GbQnE10WwCRZ0-xnGbLPy5JCfwYqO4pkVBZoi295VzfLHh_xWVZ9Ch3IbGIBOzTNA382fbNbE1COJ98ITpOdUU-4/Tfz5XR97boEgp--ZLm_MgfIOOs0VNboGMpHykmMZFlI),J.Maia.pdf (https://v5.airtableusercontent.com/v3/u/44/44/1754762400000/3XOCtOjQ0o8xq4yLkhkIiw/XSd63KL1jypYQ3-4W3VJ91zOLbfkwnXTqi2gwyflqxhw3yiuWvwJbklGOvGge05wndCXEjxDz2TxZ9kRJ-JmjviLLnh1R_Tdvo26-QYoXgagpGb7M_hLQyp5tJr4n_O4yeO65TAsDDgLosRgZRktnGsEG95NIPckraISbQCEiEI/q8v_OrbLRhhktERwrCUcNwZxyT_Y_qFW3QmjJ_P-IJo),D.Allen.pdf (https://v5.airtableusercontent.com/v3/u/44/44/1754762400000/C4QeZ5s0YtnxmUrEV2ejzA/ZO57SkHMHGfXd0NC8HZSKaYRk-pyVnMQdO6BBEU_HcaJY0pCc_d61XWstpfbjTIgyNpuz9Ivb7MC8p8JaJBWJZ3t_9Wu39y-nR5JbciOfbz-Burg21AiP42iP7DNFce8zsGy2vBXMPqcN4GcXvb9oTRQ6XjPp9uom19HvHpR5Hs/zulJcJEo9hV33jWuWyw0cjvaWO9Vuaz82G-N4LR530g),J.Murphy.pdf (https://v5.airtableusercontent.com/v3/u/44/44/1754762400000/6fJWG_qKlKaalTrKjQTZBg/MWAAK2spNMeWNIdWY2ieuNg4RtuWA6a6vSDI6S0_P-xaDcZ9nd2CvO6Xac-cLNlXIGRSOLlKd9BpGbrxTkC31MJp7QOv_cBomgXr0cB55O0Pw4NowBVIWHUUo5UKJNraAN34K3XIYfN4kPx5BUxJvXMdbkqdfH67vXZU6QtdGrI/1g5bmzfJbaabkWRbGpCXwQL_p3VL-lq1fqynPhV9odQ)",3/20/2025,Kyle MacKinnon,,Joy Ayodele,
3/22/2025,3/23/2025,X526,ALL,"Pennyweight Hotel Boston, Curio Collection by Hilton",$249.00,,$249.00,3,$747.00,,,,,10%,3202306165,TTA - 05565556,,,TTA IATA,,,,Yes,Yes,Yes,Yes,,,Tim Siefken,timothy.siefken@hilton.com,,,,,"FOLIODETE_20250323130856.pdf (https://v5.airtableusercontent.com/v3/u/44/44/1754762400000/NAR9mWIZ5si_t8GR-0nCbw/vO-77SeyQn1uUZRAVVJyYFEToAuleQGKldd11DpKpGGNFKqJk1YpHtUFaF39531aaDdgVC0ZNFP0qTDo5AgEkxb5CIZCU1pNU8larUOepqxUT2-xlJyBYyPimHvU_zCXgQcXnTq64xuLQQFTz4xdo2pSqqLjZd-9qpkMLEXaaZiTRL0TZUA77rYGM0_2QOwD/U26AwEpWM2ayaZQx_j6Tvu_NyySY7QLouz9HYRN5AWs),FOLIODETE_20250323091818.pdf (https://v5.airtableusercontent.com/v3/u/44/44/1754762400000/B0fI14mmHR4ulF_Fcx5T1A/HFPAUOWrNr8B58vbqFc-BkPjhMQriqZaLnrwklSHKw8m4UufiFQRHGDljk6LWEg2u1CwZzXsU8dQ_erPIEdhA2NPZmVZuswFWatY_21T1K51vbUc7lvnHd3xfBC0aJ5vDQ8M3paDRqBxZ58kcc-mlEx0xF177VwUASZR3H9jOpxRVwGx8RZr2uY5WkeTm2y8/yjqb9pidL8RExem68GDJSfKk9vgRtgj2QTim2d34YAo)",2/4/2025,Kyle MacKinnon,,Joy Ayodele,
3/23/2025,3/24/2025,X528,ALL,"ibis Styles Brussels Centre Stephanie, Chaussee de Charleroi 66, B-1060 Brussels",$125.00,,$125.00,9,$1125.00,,,NO,,10%,Accor Entertainment,TTA - 05565556,"250323 Accor Entertainment Contract.pdf (https://v5.airtableusercontent.com/v3/u/44/44/1754762400000/GAnFUbkil2ZMw8Nu6Ra_ZA/ff3NQzVuMbNGDzsHnbzApWLcRKX8L_2KQrLUyL6w1mXFvFszpVIKQNlj-0DuyEcbzYijNofhN7yVuNSUgCOcJznAY8AcgICUqydcTVsOJejC11SQx-x6TG2sY4EL-x3RlinhIu93G54SXKHeboFEGLAKMNnLnhTjXw4yyJx-ha_Xz5XNXYK4gJRRTPQqG8ju/xlLtQaf-j7HuItEqTIiqexiW3nS7-CSUawZN57EeM7k),250323 Accor Entertainment Pre payment.pdf (https://v5.airtableusercontent.com/v3/u/44/44/1754762400000/_TOOHKm0T9gr10uHYIxxEw/0vmZ0LxUcBua5u1hf6y5qGhxFLjYqF-EZNeViYlWyHbfpID-LB5cSbtTxmHPwpLYTzs0-YZ8aNkcL-MxDZVMgZ8Guf0VQ_rH6Y8mDoy5hpYDYcQCWCVhPRiPfsFgXzZ1UAjD6Js6Z3QRop-4L4jCQjNyPyi_e55TrjFGOYqo75t5a1fFPnLpbbI7aUoY-89b/MdU2gS62huVT4SHDWfEkp2ApoimFYh3ReFk01yJuyF0)",,Need Invoice,,,12PM,Yes,Yes,Yes,Yes,,,Claude Lempereur,h9401-gm@accor.com,+32 0 2 612 81 39,,,,Facture Groupe Accor Entertainment.PDF (https://v5.airtableusercontent.com/v3/u/44/44/1754762400000/FlpP9Z4H9lceHWkrZic7CA/gmbPcYd-B_6CXYTptd6IkLqVvh07hXaS9NseByP6-9BbY7X5s_snQ5UeBYsE7M62eH6o-f0710xb7f_c0ZxK87clySQHVrqXI3nvr1vzWqWl_FpuzgPD843pvgqNCCuHtFz6NvvL3iGDRuB9tyUVWq16dWPX2KVVbYg0veA9H2evrbyOfKW18Cu-YsT5z7wJ/92GRlG54l4CIo1bet9lumgd6yrJuN_HzuQnpLssmj_E),3/20/2025,Kyle MacKinnon,,Marlowe Teichman,
3/23/2025,3/25/2025,X634,ALL,"Kimpton Hotel Palomar Philadelphia, 117 South 17th Street, Philadelphia, PA 19103",$189.00,,$189.00,8,$1512.00,,1x UG 1BR,Yes; TM & Artist,,10%,x634 The Charissa Hampton Group,TTA - 05565556,,,Invoiced,,,18:30,Yes,Yes,Yes,Yes,,,Sara Shilobod,Sara.Shilobod@hotelpalomar.com,(215) 525-9433,,,,"Charissa Hampton Group Final Bill.pdf (https://v5.airtableusercontent.com/v3/u/44/44/1754762400000/JtPWNla3SrBcptzxWbY-pg/_JwvEkf-pBKD6BgIwQVk6uqA9ldZqKRKG8hDGbM_3gxLg_ydVAsTMtyRyJZzEvXOEUvQlnkktxB3SGfnx3_pOZ0SGuTVeuo9MbzGNQynNN-J5Dub0eintCePV7jkzS_ngdwjCbxcZ08MgJzKYOK4OB5eEbCSHrl2dqEF1DvvZ1ugzCtS7a79dQaOIL5GOPIV/6wMQrtbXP5Jsu4x3VKEZFNuXV4UX01XopaywQz5mNgI),CHG Receipt.pdf (https://v5.airtableusercontent.com/v3/u/44/44/1754762400000/w7KU-hm14h4Yh5N2U8xAag/z5FAVsH7ruBsb8TCGIrOBYcgYr3Pbv-FVpgZOdk7BU04AUU0YwRd8Kli4VsCxY7BgnRA_goCii8VCT9AEfRX6eULOzE7wxo4Gj3ICk6KYORhT7dIhFtqEmyUFv_VvWth9yh7HYj524c9jyt9qJ3oJAMvqkVA_HAkLvgx1MqybQc/xKBsOmNTgaau69VxiFYQOqaXCgmbEivyOHUWhjDbz7o)",3/21/2025,Kyle MacKinnon,,Joy Ayodele,
3/24/2025,3/30/2025,X612,C PARTY - CREW,"AC Hotel Miami Wynwood, 3400 Biscayne Blvd Miami, FL 33133",$269.00,,$269.00,49,$13181.00,,,,,10%,x612 The Theau Dufosse Group,TPI - 10504292,"TTA-x612-03242025_The Theau Dufosse Group.pdf (https://v5.airtableusercontent.com/v3/u/44/44/1754762400000/CB2RcNOKd-syYPv5-CS5Cw/6kUZ0nmuk5_uM9MwZZYpCA45A529C7tb25qbWjCxSjCF7tm6L_SNavyrUgexyw9TRc8xH9RgwCwMl41q93gKzK_49IVBAA8DxcUSjZkUFSJnABUgvSmsHGqhFsK51q8BFoz3TxKcNjDmISNkTghkBI5GAfPadcDQskIT0PTejzkAojzLhGK1En9E9_qoaXVuayl--JtmM1qlf0T5qUMnHw/sxtuf0av-dksQHCq1cvF4qDZT1cR7u4nbPu-1eHh4JI),AC - CC Auth Form - Individual - English.pdf (https://v5.airtableusercontent.com/v3/u/44/44/1754762400000/ymkk5PvBYQMOyaM1dsG2xA/n6soR0OzvEdg_eok3FbQQAYGKmhkX1b-hDCYxV-3PXQyQNQ3lDMqfP3VcWvBiIBNFT1a4AZ5Hz2ItWzY-aeDZSrnsU69Uk3NPZ77Mzu0KAbhkRWRKFvEeyrah2mU5WlMuGTnX0bMp0289yMSgW1GH31onPDMxq3JCVtSXZqHNUP5alLRAs3TUUyFcONNIf1M/dfnrUEIgvd7lPGfZyv2rU1QPfJD6lLGNKhloSk6LCR4),Theau Dufosse Group - Deposit Details.pdf (https://v5.airtableusercontent.com/v3/u/44/44/1754762400000/Uk5KO0bDVzdLNJ1MfT8gjg/jNoeCDWxTEulNvHpwRH91HWY6s_J7ytD5HLtOixtejDXMfuIe4VRg_i8mnpESxEIv4JKvZxLJ7ELJM-aUBSPVr3BlFnIOwXGxalouMRqsvCHhZo4HpymedHrVCuYmimCKUnxUhkngtzUYI-E62fKDJM9OgtEn6kinKFfwwNcRj4Rnym_3qq0aNvs7PbqDi4Q/VjFQ6uXtrm14hfdATgVtg4PPOUKTpsl8U4RyV9b3lxs),grprmlist72334466.pdf (https://v5.airtableusercontent.com/v3/u/44/44/1754762400000/k_BMOd_4qAk-U7LmL-Y2Tg/9xqPdjDg7RBdyKoNibsk4E3sfSODQiRSYMRaundHuo2mla65aUhS_-l2a4DQ8mOxNvRW8DcezMwx0hrRZrIbbXM5Bpf2JPPw2rrpIDd4cLLq33aURL5iNKqyiR5PAt9-urP6hi928ZE-tdeiNKbBEiX1mdlGymke0OrPjlbXxrI/b7GzttXLsIUqpE-9JCP_3a_eay_4caPpZqbpm7C_K8Y)",,Invoiced,,,,Yes,Yes,Yes,Yes,,,Jorge Alonzo,Jorge.Alonzo@hhmhotels.com,+1-786-209-0005,,,,THEAU DUFOSSE BLOCK_G1609.pdf (https://v5.airtableusercontent.com/v3/u/44/44/1754762400000/D-ieCkC6PNVqy9ZMoykczg/5T1eMLZXRhxrsBC7JncnNrQ26sKt4T9WGjogxYLR3Jo2ocR--rhoL97hRpKnpGmrOzzivs04MDa4TuG6y-cRMf_SgyMwgeltRwYg27SErApKMy4M61kxL3_vVSGyokyrLG1NzkQITRQBS95P6Wc1IfTnrGioVX9Bu9NUU8uryQMPKFwBtwrcQIV7-fGNpRXR/ZnDMbZzBR0Mn9Z4dZYm-0e8AMiv6ozt-KytZvrl_65o),1/2/2025,Kyle MacKinnon,,Marlowe Teichman,
3/24/2025,3/26/2025,X634,ALL,"Scholar State College, Tapestry Collection by Hilton, 205 E Beaver Ave State College, PA 16801",$179.00,,$179.00,12,$2148.00,,,,,7%,x634 The Charissa Hampton Group,TTA - 05565556,"Leon Thomas Group Rooming List.png (https://v5.airtableusercontent.com/v3/u/44/44/1754762400000/qwIiZaToBR49swf83nhCcQ/_yhpRiuB-iV87eu5NwvQImJM-Oo3MpqTvUlNAbtEQuMKyjYFlodTmo2PQbBlo5rNgFblWvzwSpsVWZXh3ogA1daMzFRecZG982HvVShzEvEQppy0HmC2k6lpCpHqI-HMocXBv7uAQ1GBC1nVXu1LqomLnFUodctyHDf4DdrIsAifazaiznw5j8rn2_o-Q6CZ/atXmE97E5BUQcDqB3ji-Hw4W-si_CyJViIq6X-EHdRE),Credit Card Authorization Form - Sales.pdf (https://v5.airtableusercontent.com/v3/u/44/44/1754762400000/nAETqEPdGQPYd85odMizuw/v_MUWI8QFWmxzz86cE15PVRDnuEhcwGPLOuZATCnZ_XTZknibrDlxwhR0y61sx_c133_DOKlVWDQnVeA0eqTIrdz_Mc009YNNvgbcX_t_i4QoeYV8xM70lcuoJVFXdN2m3erPVqPVmPjoIh7RXPQ22lPeJ1AD4gictFs61glxALHkaz3Llv_Qeprzo-SDcp-/9w-tEmdazNQliGE8i2R_AqtmD244290F3JKiofLVc2A),TRH - Rooming List - Hannah Kraker Group as of 3.21.PDF (https://v5.airtableusercontent.com/v3/u/44/44/1754762400000/4JLeYXoe7Gs7HYUonuBNXA/8FdZ2QcQ8KtIY1XURh3f84MvSiYVe7VXI9_jX_kffPvF3_OIh3AGnygLyyOKPJnsY8Ye2y8672pjhPSRH_NxtI7m8ay0HXzs20RcYOVGo3d97darm1KDZ9rE3_yCtKs0_MghkV_Vju2CNV-AUSvn8zXW17q5wG4CXdtX4Ua8h3kieVX4Us5v2_NXZ2XG4un8HuKkhZ4zPuamW6x_Dm5hwg/a1mrvDXHvXEot7J88F-4IN6TIXXLve1g3xk-b8S3iSw)",**1x UG to King Suite,TTA IATA,,,Varied Reference AirTable,Yes,Yes,Yes,Yes,,,Tiffany Davis,Tiffany.Wren@Hilton.com,(814) 778-0300,,,,Leon Thomas Group- Receipt.pdf (https://v5.airtableusercontent.com/v3/u/44/44/1754762400000/uYZeq_GKjtO-dM6zeACDZg/eabHQt3DpnVbgqgSvMHoexZp_Das9D9TSzKDGJdVBQ_8C-5VMP-MSJezmOMKXfCtlNlVI7S64HLtOgvpVWf9mzpoUvpZNinGyoqiju-KghzJqHMTCG33E34Mi31erwI29mqe9N0TEcYZjG_sSmX1spi_QfjFSSbWRg3G4rXeanQDn8AlH_p146WDnev3MTK7/Hy4u04Y6uD-hvp311GzuojHvQpzzv9Ph4_uqUyMPexg),3/13/2025,Kyle MacKinnon,,Joy Ayodele,
3/24/2025,3/26/2025,X577,ALL,"The Roxy NYC, 2 6th Avenue, New York, NY 10013",$319.00,,$319.00,11,$3509.00,,"Waived Amenity Fee
1x Comp UG to Loft Suite
2x Welcome Amenity",Yes; TM & VIP,,10%,x577 The Hannah Kraker Group,TTA - 05565556,"Roxy Third Party Billing - CCA.pdf (https://v5.airtableusercontent.com/v3/u/44/44/1754762400000/mJxBIycB6o5BO46tPm3viQ/1yPd9Eu9rq59Lx4wI_bOmMty1E0BsBRvoqegcBJ-SIxHlQ5byX4z0tKrfa2b1spZsan7ttr-eLGdtIHH0O-BaBju1s1zq8Q5owvwpKpd2JidqfchMj9iMLrLWOBFzPz8qTxRMTlve0TCfit6fFLyIfZ783miVwhB4F4VfJhAMuZWDBpSPDgHqt4MlBPDAyzP/3J_bmiN4ZnhGg8Ese4OvpsgLpMn5RETuyQ5wqBgE7lY),TRH - Entertainment Agreement - Hannah Kraker Group.pdf (https://v5.airtableusercontent.com/v3/u/44/44/1754762400000/rwInYOAfkta13FeCtfS39Q/H69To4G23vaHPIPWNoKO8Iw5JMtsPVHZ0txA8eOK-z_6Al71iNY3arn2b9HL8GzUrjXGonFmxFK69ki4FVMVz2dTx96snnn_3Eq2D5PV8MLhb-oqvhGIrt-HftKh16RHO3dE3b8P0Cpps7-98pQ0ijztl2_obXD1JmvKqKlB6g4I_g83bYTahpyAFm1kw2cvkkzyeAyn5S1QPleQTK_vlw/Jcjig_fKOpXMd7RoHTgCQUk2btTqJkByH3y2gpSTAfc),TRH - Rooming List - Hannah Kraker Group.PDF (https://v5.airtableusercontent.com/v3/u/44/44/1754762400000/QuebAySzISR0F-sySjK3hg/qU4DQt8L1X2WCy2FUtqrw-Uv72bvXt6WovI-nAH4TnBgU6mzul077KLqXsPpyyc017rycG-82opBGv0bFI65OE8rSFsTFm39liID7TDbdN7zsKNRGaKbO4h41XhRMIGPl7VTrCmmFU7HCowy6m8pJrt7fvh5CmW_LtozH-fdbDbo_RilOLlUlULwPJ1Bw1aR/0t0Ra4OIkXPVTDtGiyKnYbTlyljrtfOBZcmYeeYbozw),TRH - Rooming List - Hannah Kraker Group as of 3.21.PDF (https://v5.airtableusercontent.com/v3/u/44/44/1754762400000/UJIaj8dCbsbCZOG8t9FYMg/IkgOxDacUa3407exrBRNEDLwTwJmu1iAfDSOk62rd-WGT3caQZKwqASenqrMocxstE5_HbVl7ub38Xr-w2PypGnCoXj2KVUzyTiZFaLcPU7ylo5xaKzpXJzCIndv-qV5XG-9bRHrIC88K1DZW5HrOl-IcH_BYrSiaIy8TfdimkCQx06sRITA1LsAg3hy5zPNuZTFHBLOa3LjsNON8VDzsQ/KFPEgllmoGSM_ZOZh-aBbSnwLVyUKevyZ25UkBV0-4k)",,Invoiced,,,10:30,Yes,Yes,Yes,Yes,,,Miles Mercer,MMercer@GrandLifeHotels.com,(212) 965-3224,,,,"Michael Scott INC.pdf (https://v5.airtableusercontent.com/v3/u/44/44/1754762400000/Ry5RqyHT6b9yojL106EzkA/jeYxyGReaRvIzfrrlKaTXitrMdmrQR7ax5F_JhvAsbGL70Myq6c6QKLujXyn8n4UG6N3UCnjWdiFoPaWm_ohIkkhge9_u0hp9kroBl6s7cmqJ92745MnxN7KSwPFGkJmD0QIwS1QNDKNxjL2iAh0LpRlfDSbKf4uOcz_acp4nDE/bHdp1Bkn5tAAyvT3Qvu_AIG8d2JotNTyZTER1t0VY1Q),TRH - Master Folio - Hannah Kraker Group.pdf (https://v5.airtableusercontent.com/v3/u/44/44/1754762400000/kfk1uPTFuim9ZgKLlsrN7w/3u0aWK8AvWZOgEjG59f3SiLSequVybEdcS7yrx34dTcf7pUI1jKxPwKKLeSL4uDqqrw49nEIVdLFav51wYF9mOGDM1QL60RZ7Z6TPXX_KOHVjSl1YRwmefWvdr9E_TFyiwzVMejr0sDb_1QOAASWGd4CLZfkUcBrJreuE0fxYy4YY9sRDC6l89JswmZpq_vY/_S0i97WugmT3YVc5aZ94uZlOYh_D8upIJGF2QriYfDE),TRH - Master Folio - Hannah Kraker Group - zero balance.PDF (https://v5.airtableusercontent.com/v3/u/44/44/1754762400000/J_dJCJ1jlylKSyUPaY2CcQ/B9J2sxzSeEthGJejpgAyxLAkty0tvQwpFLvMrjO5PZuXs-RJ26y_dBcUx9Me1-GR4nEnHHbOaclcXe5ttf3SHltl5p5eQxQ2QCFmP7s1JHwpWCmEVLDszIuWEfzzjiAWFiEpdeA-9YxiLHh9nRSCSgCKnPaBYa2YXPoC5lS0iryzyhyEoHmstKOyJI25xcRWtcxOf2cP4_EFM5s2OlZcIg/gz1m_UC6AnI4atjRpdK6eIlN7Xw3koxyVN_hUgCR0jU)",3/14/2025,Kyle MacKinnon,,Marlowe Teichman,
3/26/2025,3/28/2025,X634,ALL,"Kimpton Tryon Park Hotel, 303 S Church Street, Charlotte, NC 28202",$249.00,,$249.00,12,$2988.00,,,,,10%,x634 - The Charissa Hampton Group,TTA - 05565556,"grprmlist72334466.pdf (https://v5.airtableusercontent.com/v3/u/44/44/1754762400000/cDgjiENjwQTCAYIeBRBsag/3RilZcMonMJGc7jvGAPi04YHK9yb8Z7FDVvGaQ23dIZkz4pmTMRANxoaITHIkTw4zpGwkYCpIprrXbafFLz6SvQ84tNmtQ5mK-PNUVnrQjJA3HRtXC1R6E6ACprz8kuhR-Wz9UUaG5IQzNV01LASOy1qFrdoWIO_w3N8iFsTXqY/CweItruHd1aSpj4uOJGA8nQHlw_IWNEujTaoCnYOu4Y),Charissa Hampton RL.pdf (https://v5.airtableusercontent.com/v3/u/44/44/1754762400000/o4fl41V_so633_3-S7mEcg/nHoHXOGYOHVffPBLtVKEbaz4ZvEPi7v6PKuq-CSvWCpVZW7O2NBFACkCG6nvdMWDC15XaycBTktgj6eLvDzETKVxBSnANj09frHTDvw28ZK4gBEyfwuZBrQLLBqQFTD74mAWpt_Iid3wkWGgdGwmKJLQeymFSlc80q-R20puiIM/Zcok5lwBC6f66AXKVujDq-C78Pg1PuTJaEMDYTKKpY4)",,Invoiced,,,,Yes,Yes,Yes,Yes,,,Erin R Mobley-McMillan,erin.mobley@tryonparkhotel.com,(704) 447-7633,,,,"The Charissa Hampton Group Invoice.pdf (https://v5.airtableusercontent.com/v3/u/44/44/1754762400000/3lLohALM7Dtqkxz7RjRN9w/m312uOK_kMY9Aom3gmOwrU6Lw-eX_vY9Sv5s3tcm-Wl9R7qUrFguGaYxls-G5Yi_c2040EQkKQs3ksVytAUW0y1ixujFeSzG9GRdlC8VvzSfZ-HznQLVJwEcnjjjlbLmXAnI4bfNIbKnhZ4yD47nWWmsj3kLb0uREzUg-PiTTKN3mkEEIBSLh-Vh3zb76eE8/9mfvBzuUUoX1sYzJOphXgvLakGJVIvBuqVBO7o74WP4),The Charissa Hampton Group Invoice0.pdf (https://v5.airtableusercontent.com/v3/u/44/44/1754762400000/AOkzgBVhnG0F0XiUl9uOfw/FB5RBcTxXetLMQ5X_j2SuhvoqsECpQlRmOlv4pyFZGQLgoCVK4CMSUs_8SbJmn4_yGN19MuSE0GC4weolX9cp1eQ1Gi9XUMHLQDCYWUu_dtZ36nbEHKWWjWa2bqK7fzBA9DwyZ1Eyl4R0uKaZrNl1bDGzhmwHoll6FqMlv52z5ORa3ncItfYP2vmXc3825px/wpab-OKStqJ0rxUFkfjaj9TNP0UPA_Nd2WKlE92Etuk)",3/4/2025,Kyle MacKinnon,,Joy Ayodele,
3/26/2025,3/27/2025,X528,ALL,"Novotel Suites Berlin City Potsdamer Platz, Anhalter Strasse 2, D 10963 Berlin",$144.00,,$144.00,9,$1296.00,,,NO,,10%,Entertainment Group Kyle,TTA - 05565556,"""x528-H-2025326-Novotel, Berlin_C.pdf (https://v5.airtableusercontent.com/v3/u/44/44/1754762400000/DgrXbCMTdnnoYSPjLR0CoA/rJ-p-eKcPJED0XuhxIJSkumVb-XuExzJRFQfdL7d8aY0bnUWjcLdu3WINBObJzBLFXTNYdGGdR4gNuCi5Mq5CH8RxKnNHm8KjOEA6_nRhhidI_A5trUANYWPMmXSEb_64TzuXNkjav6SwLkOzImAnqw5FivEmSYZREVTC99K0jUZVA0Mx2wBKRWIMPUTDTZm/sSUYZ9zYSdFgFRZyhL0b96_yR0C3bMbJ28RK5Ms6dhU)"",Depo_Invoice.PDF (https://v5.airtableusercontent.com/v3/u/44/44/1754762400000/4lv8YRqi-p5YMdQVFWhkkA/kUsEBYLqfRh-nvfwBq1JLMLeLfj1QOir4ZNAQeBsmxQLPorYkdDxhDz4wrbMME-ZwdBfAX4aLE42ZBDEEbsnPCTnMPFrnY6Vff3Qqu72Z5o7Tjs3yntvTA7YTExu04YmDtE2Y_gxnHIUCIbX4FwwFzBY3SUYOE6yMjFji2W6eG4/NRiFJ__la9NjHVt8xCfN5QCviF6J3VhaqKVj7pTC7v8)",,Invoiced,,,TBD,Yes,Yes,Yes,Yes,,,Yvonne Podkowik,Reservierung_BerlinBDU@accor.com,+49 0 30 200 56 0,,,,18546_505532.PDF (https://v5.airtableusercontent.com/v3/u/44/44/1754762400000/YNwMC37HuG660jttmo6aiA/NnJpR1HNJn1_hA6Ifw4F6lrFUl9ekzqHTLk1YDTi5wSiFTu4pIobcjdrDombWs5PKbAKMOdaI9TyEiRRxvQFFufKO0daIyOo-P6HaQFewSf_OrwmrKd_3OCHJUCTszZXZrc7Q5DuYzhs_CStIrsoE-1K3HKFFJCx1szbV7FGE-Y/tVtxUAhieVa1TqGHjtukYIcFUIlU75GgIUYXkP-OmR8),3/20/2025,Kyle MacKinnon,,Marlowe Teichman,
3/28/2025,3/30/2025,X577,ALL,"Hotel aka Boston Commons, 90 Tremont Street, Boston, MA 02108 ",$239.00,,$239.00,17,$4063.00,,,,,10%,x577 The Hannah Kraker Group,TTA - 05565556,"CC Auth Form - AKA Boston Common.pdf (https://v5.airtableusercontent.com/v3/u/44/44/1754762400000/8Fxnc7ziwXNokmY7U9oD1g/qLLdLiSpMO2PtoEU0HxS2yRGh0OOtGimMMLtREQkgUhnF9eOQI4U_kXhzu3PMnt8sGw2wbKnG6CvC2uEY8G8x6awPQcx1pbkRLlx4J7n4BS7oRhy9f76c5ESiT8eAY5zZZpjU505AvweRw9M--YjrsnNiSQMPnZVg2bf5emdr4Xcw_vDVjXVDEbpHi9Skiw4/j76QhE-u6t1WWmPEkSKuE5wujZVBUOCeqzN8KWEzdjI),Group Rooming List 3.10.PDF (https://v5.airtableusercontent.com/v3/u/44/44/1754762400000/kIy-lItfRJKOwGtCGYBdDg/F1iGGi7bZjbGZwEbdryOaonQM4QHzXt327MzTDNdbkxhOyP8w8fzlhFcVvYgQQlTN5LHbvxTaoesNa3SzYvVBi-aRtyauD_Nk6bzFFxnbF4gp9Gzt2R8oA_SyUz6Bg0pRcDRTl7dSg4Hq5W_76P2QnKWZIVTChWLDUKsMdQJ438/KOUoZnU-SDzy4kVwLB6KlKPTDAyZPCyRvEmHi_RFsw8)",,TTA IATA,,,,Yes,Yes,Yes,Yes,,,Carly Somers,csomers@stayaka.com,+1-617-772-5808,,,,"Hannah Kraker Group Final Balance.pdf (https://v5.airtableusercontent.com/v3/u/44/44/1754762400000/b70nuhqD4GfA0pmX6u_esw/Slm9gyL6fFJXiQe4MPFftsxYNydEXxUVln1t8Ouyfq8wSJBxATW-GdBs6oTDH8iIYx2hdCvw-sEuMzDWB0h7OzwN_EixSkDfefi2k-1WcbChFCmaBSHGtexL2z8UIZxzLDlDwQb51O36OWcCJcrS1I1AGZ7e5C3Hz1sL2Gc26Vf9CtcsNz89Sl0KOHIluOn3/juo_hwNRPfn_DWU-oZXZuMsxPPXNJ2Wn8otxnKTQf4U),Hannah Kraker Group Receipt.pdf (https://v5.airtableusercontent.com/v3/u/44/44/1754762400000/ThYejYPeabOYCzpqbIydyg/7dMpvhlZbKE8uiSSire4dpdhLGzfqa5_0XKv7kGiGO-p27U1N7WiXX-WjIeRfv4b2JHJbvd835MM2h_TL45vmEkxbkSc5kajtZO4XMW1iPhgVWRgPHxvHAJ9WI2DNpLTbAXZFqwk7gJrGdXwc-ZaRS2n1mfDjdA7kW6BATiByrZpsl2690wGaKx12p1Kt9UX/Egd6AmiWHwYUVhj_rgWQE_RZR01N8GQiJTn0O3fojKw)",2/18/2025,Kyle MacKinnon,,Marlowe Teichman,
3/28/2025,,X571,ALL,"Cambria Hotel Burbank Airport, 3501 N San Fernando Blvd, Burbank, CA 91505",$221.38,,$221.38,16,$3542.08,,,NO,,10%,Expedia TAAP - The Rory Jones Group,TPI - 10504292,CCA - 28MAR - Cambria Burbank.pdf (https://v5.airtableusercontent.com/v3/u/44/44/1754762400000/Psb_r3TB6IqTJ8TZc7LLww/T8xnRY9wH7hdLwfQeEd1xnVZEGaIhs1j-zrkY3b2-TkPmzuxSChBtUFanS0Pq09xpAORw5pxzxeS-zEnrZLpyJyPdKru6PwKs07IFX3NItvpRl-vGZa3-Zk7qNPNlGjmUqJzBiAbyf4B3fwWuF-8Uq3AbxD4PR6ifKY0fulKljQhG2VJLwmZucLm78dUvwv0/RSIXEq_VY8I1KbCZ-3_UZz2GsSVEFMKL0U6LXBYIHbc),,TPI Submitted,,,NA,Yes,Yes,Yes,Yes,,,,,,,,,,3/24/2025,Kyle MacKinnon,,Joy Ayodele,
4/1/2025,4/4/2025,X551,C PARTY - CREW,"Hyatt Place Phoenix Downtown, 150 W Adams Street, Phoenix, AZ 85003",$219.00,,$219.00,37,$8103.00,,,,,10%,x551  The Sean Kane Group,TTA - 05565556,"HP Credit Card Authorization form pdf.pdf (https://v5.airtableusercontent.com/v3/u/44/44/1754762400000/CCUew94HjLMXOL7jCFsHWA/J_1Z8zl0Clqu3w1NOdQDLp5011cthbUgIbOmPyhusXmJ_Ydx7xmaIkwvaJsQ4V1g6nvlEZCOsMG96TL66GEgX0MucQRh2htMfgeAJj1Lwe5KFio1OaKK5bc_xurSYRC9RYoDeOpOagoNB-N4vzdbZoLtPDKM6kVgRlxpsUPvMd--ehd1Kuc4ReH9aix2ZQx3/jGz3XBqWXQbKgWbiY5OvI2XEfeN3JVWX2XrujCD00MQ),Agreement - Justin Jones - 2.25.25.pdf (https://v5.airtableusercontent.com/v3/u/44/44/1754762400000/6LRjm1PbDt5H3St5ZR0v-Q/aKdZtTiuXCqiegA6_XCFV93HnRlDmjqG57E3ENXGxVoqzr7u_yINrMX5S9IlhDbG_Hb4mkaVMJqJuQO2jGu6zyuBV-CYCkifWW6w30vxnNFChtuF5pgAzhCSJfMBIQaOkbZKEPQs757DxKtaGoDFy1jjWXJHd5CEFEeXBuaZ27JK2H7qDn7Bpfh26hO3t3IS/fBsQiMO6-SIqQ1f26YCjQX7uCUx2u6GOdheB_tyN048),RL-JustinJones-03.07.25.xlsx (https://v5.airtableusercontent.com/v3/u/44/44/1754762400000/Rala0z4Zi0VanRs3aMiACw/M7Huju1RMpt7qwjn_JCVmPLUyvLQMh75mTTC6U3ViEldeX4skzCXjNa5bfSQJoM4A0AORbbshWL4eKn9--h5stHM9I7K6AzOycmlSGWyQ0Za5cnGR9KAPRWMscfVVocdqm03w8dtTyl2eX21J8CnqMb-hvG0jXp2XWpxz9qt9d7uJj3orYn-qUbZ0mbSM4bV/TvggIHLbNmBd3R3fdjO8mEvwtgUMn0-MEnOCCjgbtbQ)",,Invoiced,Air (Fly Date),,,Yes,Yes,Yes,Yes,,,Natalie Vittitow,Natalie.Vittitow@hpphx.com,+1-602-601-4562,,,,"tta-x551_H-0401-phx.pdf (https://v5.airtableusercontent.com/v3/u/44/44/1754762400000/EGhkDvM-2GLUCjD4n7DO1A/Fn0k_JHy9h_LI1zggap7w9drA0bYBH_YadLQn0Grj8CnJVKajVPNnKvrsmjxtb_4TxvM-ZnvIbc71ZCbWUMjpa4McPgT45d3aH6i1zyQh6F8SsMAgBqelRJWprCvz00iGihrACdQXnhKhZmESOW_-_18nGmiexzfRzE1Fb_zNyU/lVUDPtg3VGT0UOQjFG-lInkirToWB3WgEpyWCj4UGHw),Finalfolio-SeanKane-04.04.25.pdf (https://v5.airtableusercontent.com/v3/u/44/44/1754762400000/d3BmiY7Aa2dIQ6AGPPzyGg/TvQX-5C47C_VTC0L0pSkmMcoceIITPcg7st9pz53OrxgBEkK-s-tKENb3zu6hhm8Wn1DvyzCPvuDAQKCiSMofnyuDsGEHHCFCGxC0hibQ8YCyT0ryJsvaTj77Qd71XluIz9cdZ3Rz-0IOXUEnWWO44rBRC1O0R8XiVU1lIeYOXSHP77YKGocxOiplpo8sTnS/T9bZy8N5YorB0SpTxWTirNVcxm934iV1H9KZAzNyCKU)",2/25/2025,Kyle MacKinnon,,Ashley Tran,Joy Ayodele
4/4/2025,4/5/2025,X551,C PARTY - CREW,"Hilton Phoenix Airport, 2435 South 47th Street, Phoenix AZ 85034",$219.00,,$219.00,6,$1314.00,,,,,10%,x551c - The Justin Jones Group / Transient - 3220190871,TTA - 05565556,"cca.pdf (https://v5.airtableusercontent.com/v3/u/44/44/1754762400000/OcgLWMEWHq6fKSgCSSgLAg/fY5H4-vzrhSgVICUSgft79eb--GWgZNL0xUXpgsdtPGEw1zaowaPpnII0qcXNbCjW-rDfPhq32UNl-qIfvepyo43igKEf97vonOq6eu9ze-jCTvSlppxKHUURtH_RijklKHk4pRDnQlZ3lLj7_qiTQ/bIHg53nt-9QLs0SUdSBuizLdYFjvSNqIzXp0RA51CL4),cca - eddie.pdf (https://v5.airtableusercontent.com/v3/u/44/44/1754762400000/EugGhjKi1zmplRu7bStVfQ/NepRekEurmPHOW6H8YnVoVmYlGTiYujVM6BFsw7zRTn-zpzOMy9SLvuqc7GKnye7gMSu2Ia5k3xuwmFefJ13sJNej_12J825iCowZZ1_gg41WFrEGYRQm-McVJqI4zhm5T3AP1tKQcLWrb-AgFa64xJFeVefsxEEixGbHHWtkXE/Tsr-NiD9UPqP1agHeEf_FNyKWD79JtgW3Mb57WJOUn4)",,TTA IATA,Air (Fly Date),,,Yes,Yes,Yes,Yes,,,Kim Luzi,Kim.luzi@hilton.com ,,,,,,2/24/2025,Kyle MacKinnon,,Ashley Tran,Joy Ayodele
4/4/2025,4/6/2025,X542,C PARTY - CREW,"tommie Austin, 506 San Jacinto Blvd, Austin, TX 78701",$216.00,,$216.00,4,$864.00,,,Yes; PM,,10%,x542 - The Josh Penner Group / Transient - 3209819 / 52586115,TTA - 05565556,tommie Austin Credit Card Authorization Form.pdf (https://v5.airtableusercontent.com/v3/u/44/44/1754762400000/ETpAXxOLfErDhhQFWXApuA/YWjetf4c85jj4g32eAh97M00Opt3V-mnqMJlVK0sdW8KYETrK9yZbzdn4BJ4RW2ncF8fmFyNdgLfrvvL6nE8GGBqISTYFgMHUpvGmsoYjKedrVWJGs_mW8g3HUjtR-4F6lxqQ9b4ddnTGVxTHIwKLMFXU2JNAfE3On2xe-UuVBOtPk2s9qqoT5cB-zzYFDFyo_AqHlYNTqcVRfX5OrI3Qw/EpXFwClb5D6zaFExVGfm8JdvcpC69Nq-Qat8uVGfsiQ),**Advise parking 1x standard vehicle,TTA IATA,Air (Fly Date),**Parking Standard Vehicle,Refer to AIR,Yes,Yes,Yes,Yes,,,Ashley Sprinkle,ashley.sprinkle@thompsonhotels.com,(206) 823-4046,,,,"Mercado Invoice.pdf (https://v5.airtableusercontent.com/v3/u/44/44/1754762400000/THPho-8sBjJkDjPI2UZZ9Q/_mUOCO9wW7sPNbA7Xc8YEANWmgmI21Nu8qWDI09LYuhtdN3IQRKDqsUyFdWd05Kd1gf1Bdvt31XcL2_ttCmtfWvCcjSdRBN2DTMO_SDW2F3NME9Hk_Kp9fMm2ioqKBMf0U4KS8Mm8nPQS-f9t8uMwKw2A-zGmQ-zzlDtUJBi5S4/47RdqzuaWGxQO0PixSvXeAQiz2MKJq5pYPuXIbMuaJQ),Penner Invoice.pdf (https://v5.airtableusercontent.com/v3/u/44/44/1754762400000/KFVr_tSzXApX1bI6fVNkWA/yO8CaT0mdG9bXQcBk80OY76NMWN-jbEhWZYBiLitFO0o8Swrgv0Z_s6QeNfhHWcFKAeyi_G0mvclD8UVia0CkPUoOI1V7NExtMSrCPcTlA3Pc6kGuXj6eLZda8YhHjrX9ekHDEhmCV7pA_i2U9-tZXZaUgTnJAZzZZim92CW6dk/w9kT7Hap79uRBa039IQv-6qNzcjBT0xUrkEvVMb4Fdg)",3/10/2025,Kyle MacKinnon,,Marlowe Teichman,
4/23/2025,,X533,ALL,"Louisville Marriott East, 1903 Embassy Square Blvd, Louisville, KY 40299",$149.00,,$149.00,85,$12665.00,,,,,7%,LDB Fest Apr2025 - M-UEADXLY,TTA - 05565556,"x533-H-202504-LDB Fest Contract-Marriott.pdf (https://v5.airtableusercontent.com/v3/u/44/44/1754762400000/n6SsIcPnaGWXXjKYHEj0FA/GX32vqOdQauOR2WAl9DUZjbHzXGxMV5uaDS-D40zjaPGIqO8S-_gw4jGOICm5JpxAqXRyc_N-sRX6QJQn5L9jzW7IU3El-RjqrpC0eRnBo-GgNQcC8kDvI08LDgwFaFoSG0vbveqY_tKZ6J9CeRWiP4jc6UYEUAjTIUO_vr1qvvuMOZtuEU15pPR2W8eo8gz_YTM7RvZoaR6_135hICbsQ/5IpXAirv6B7BP6KQPF0OlufPchmqKasiZThR4BKvyRM),Marriott - CC Auth Form - Individual - English.pdf (https://v5.airtableusercontent.com/v3/u/44/44/1754762400000/C5MtMc0QlG2NMP7UPH9BTQ/3pr9DnPLTRJ-YojTvIVI-LXX2BLoiVT2lFS9-iO-cgkANyADIzwIQBJTyfSBCj5aZDkIp9Tj8VAIwUZUJYBfJDT6DByQB_mo2F4HyuaqJli38u4Lh_ur-dB2xRMZCZkIvQl5dCIwKhSPZxZkGlAKzAfG9MscG9XNdOuWB9qUfN0cyHhqeB1sPSESVnC0cL_X7R9RdDEsC29DksVE_Q6Xzg/FppwBFR1mes0SAs6RjtuvhaFzkS8SZsKmcdJjcYwuGU),LDB Fest Apr2025 Agreement Signed.pdf (https://v5.airtableusercontent.com/v3/u/44/44/1754762400000/I3p5tThoGQQzVTMMeXgjtg/BsuW5ryvBIx8Xb96OmBDqRh6jJTcTvyyRY72DMNvkIxRLXxJABTaXlMlERTODNasIzNtYsk7sFT04wsfiaXs7M16rqT7raxFhrRGlh6K2GolF0SD2hxtvymDos8OhCs1K1zWyOZ66UkRjZqaWnwq5LOm5OU2aI1WOFcBBiuTL0yKv4DupkRYwvCHwtkQap8T/LlF3YHkm7ki-ouuPRjILFPDxGKnTM7olZF3gBmnvotw)",,TPI Submitted,,,,Yes,Yes,Yes,Yes,,,,,,,,,20250508130501541.pdf (https://v5.airtableusercontent.com/v3/u/44/44/1754762400000/yG9MZ1tZfvGzcAH_Skk62g/xB_fbJD9kGBxjTWuRKEvRLY7PayXQJA1Nz0I_fv90UlROymbmGG3FfCdnFc8zkcR4glXs5JvMClKGEiMEghTJeeJjhc2_SPo_te8KkzeuKrwrhk5PoPEVUxv_GHWTpw1-3sZf0UBEOnYATgiNnof5_TPQj9W52bNJEptLbvojZI/16UIfbQ9nVz-3K7UCbnjlwk2FLjA2k9fzK65VdSnZ-I),11/25/2024,Kyle MacKinnon,,Joy Ayodele,
4/23/2025,,X533,ALL,Wyndham Garden Louisville East,$134.00,,$134.00,0,$0.00,,,,,10%,LDB Fest,TPI - 10504292,x533-H-04 LDB Fest_Wyndham Agreement.pdf (https://v5.airtableusercontent.com/v3/u/44/44/1754762400000/XmIgOXejXS-j15RJwbDgPA/cljdqFQPwAXnAwoD3zqwd_3oLXlujY8FpkjNq-7NpW24z1pNODUjMqhydKlynH5w5IRy2VWkN6MgNe2UVCOklgH_1l4MOvUKNfjSsfKakQ83cpokWr6TwW6k_n96t2D3TGzFd9fbACmJWBrZ70sa0-n769YsvkaOBaQfI0uQGdbTawiRCp-cC18u6P_eckYP/LeFUC409jFUzPKqRxcY6ODF8-jRVuWV0qy85qkZ8Axw),,Cancelled,,,,Yes,Yes,Yes,Yes,,,Ebi Jambang,ebi.jambang@phateyhydara.com,'+1 (859) 363-6002,,,,,12/18/2024,Kyle MacKinnon,,Joy Ayodele,
4/23/2025,4/24/2025,X634,ALL,"Homewood Suites by Hilton Wilmington Downtown, 820 Justison Street, Wilmington, Delaware, 19801							",$199.00,,$199.00,6,$1194.00,,2x Welcome Amty; 1x UG; 3p & 5p late check out,Yes; TM & Artist,,10%,x634 The Charissa Hampton Group,TTA - 05565556,"TTA - TRAVEL.pdf (https://v5.airtableusercontent.com/v3/u/44/44/1754762400000/hl9_4aebb09wzNpFuBjxDQ/SWlwE5nGER5Zqrtr9Rnu9hY_suiuGhdKDxPzG3X4mnzb4mD1l8rKKdBuAvrKTUg0X9vwGSbwg65o2MkLr2r2EiUFN9zSvzdH7xhjLrImk3IBii6EZnWauNebmALJg8j_TiWnHvIAtACH922CkbVHIynA4bWB5TcNmmSP3GE7YIU/c7k_eLCMMA9kaeCstNy3k26xWL1DEusXRD2ECuJaGPE),cc auth- Guestroom.pdf (https://v5.airtableusercontent.com/v3/u/44/44/1754762400000/Qrp1XJpFgg995osDIwN9Eg/0xaOOrX-_XKxI-dgvBoV5R0sE21PySxWqVUQnncaUXDPaoKrvHYEZV91TVvQviGfs_lAMluJ464ZRCCb_yLAXWWC8g1MbtTjSBY0eqcIkBHcGNP_aCMuSWj0QNmZKx-wXpPi70eJJvc2yVf8Q_0I2bWQO6AwjCju8Je21xRAlhU/QMXrcYpbz_QSTbL1wWcL1mJMjL8ovm-ungZpD6kpkP8)",,Invoiced,,,Varied,Yes,Yes,Yes,Yes,,,Lynde Evans,Lynde.Evans@Hilton.com,(302) 467-1500,,,,"""StayFolio_Homewood Suites by Hilton - Wilmington Downtown, DE_1.pdf (https://v5.airtableusercontent.com/v3/u/44/44/1754762400000/sUA7uQk_LdO-LbAc3-SCQg/ub2yuLK6G4SnJz202_738eaZjrDzJLj67e94aXO2sBmn54PlW7Ml6nIsEBBNc3TDqaLqYK_hCJEbKeqghvuEnzT4OOHlPuO1YQHgMByYuMm7vak9nxhpp9VtaOkesvg0S_UduLZr19qF3Wdnl0-4VBJVVoEJ1Y4PJcJrOeE8cEdnci4wijCgwvbiES-gnXSOCFch0lXis9gJcc9xei3TcCQK0AMElaHdR0_scVncxgs/R0mhBYXY-nqDwH4qbxXGRlqdK8o5m7Os2L9svg5RpNE)""",3/28/2025,Kyle MacKinnon,,Joy Ayodele,
4/24/2025,4/25/2025,X634,ALL,"Hilton Arlington National Landing, 2399 Richmond Hwy, Arlington, VA 22202",$309.00,,$309.00,6,$1854.00,,,,,10%,x634 The Charissa Hampton Group,TTA - 05565556,"Unknown.png (https://v5.airtableusercontent.com/v3/u/44/44/1754762400000/S2Zl9kXx4AaxGKBZq8Djdw/hpyWj9LXWBvFFdlxY82iJxfCoQob5_UXAQdq7yTEY94-Xr_3iKmQSW1hU071OfvP_lf8XNuOlRShctYnPE90JKwHQ-CYUFi362N1lbdkUsFCSgB2Mdl5X-GnLOF7fV2A3_o7_U-FgF6dCHvVe2nCshmMvOeChnFpXMoWcNudemI/Z1u3lwiHiFttbhfMES05kfD4NRmiExVU6s9_eAIZ0b0),sertifi-template-credit-card-authorization-form - UPDATED.pdf (https://v5.airtableusercontent.com/v3/u/44/44/1754762400000/QaapqoALUxuW0dADHOiuXQ/m8BOZMiwcukHLoej60toNSIXulWVI6KNQmVldPgiJmuMvqTy-IYxl61VijoSUYbYjWsfOhMjYOoFwNkB87bIiUJmHk4rC1gVQOmwnJlovKqjNlWaXqjhrAqZX2mL9NvCmveKxUKGhyJAdXt8GcZRp4_y8vxd4y41bWCm7UM645dKpxd2hsm5b44JeUCYlqBICPh-ipgqqs1SDARW8rcZEZ3OlhE2Gcx-Te3ReJPG9W8/CWDpaN5j0Aj7WHa-6mf-Hw_JBoJXYSafWSdrp38Nano)",**1x UG per Avail,TTA IATA,,,23:30,Yes,Yes,Yes,Yes,,,Kevin Feldman,kevin.feldman@hilton.com,(703) 414-0560,Max Mendez,Maximiliano.Mendez2@Hilton.com,,"3242569547.pdf (https://v5.airtableusercontent.com/v3/u/44/44/1754762400000/-AgvHgErC7Wy1K97RcwU4Q/CuV-A4CoEU20JIwF8vDYcuOjDkq-NoLs0cgyWftkowpoyGzxeuRGsLIbVmZsdSpxs_RbRRZBR-_eq2_CtyWsT4XNyVLy57mPVtCwb1jI2H-vaQ9xlSbS3hTkOVEN2BdCny_6AWz9TPIfYboxtmB0YD5SzBlqKlix78eaQKLxkIM/7tIet-3HtB_E_MMNfW8WP6jrWugacEYh97kQ-PlDTE8),3231713916.pdf (https://v5.airtableusercontent.com/v3/u/44/44/1754762400000/g8VyGgACo8hzZ5Zi3cgd_Q/rBNdr8bL0wjm4MUroftgda_auXmcE2k5MFLCAWtEgUDwz3pAunw_oH2VgQB5qAOFZlM70-1frVzwmJpfyQVEMcmtAigJVnvMpsOjG3CSexSsnE_7mZ1TVxEV98OIekLhXaEXLPevPUhyQWSGSfOFpSZSObC_OMFXsbn85A9GqlQ/j9LpHuGV6_LtjePdecKWgZHW64hGJ6yoOck0LkxhOOU)",3/25/2025,Kyle MacKinnon,,Joy Ayodele,
4/25/2025,4/26/2025,X634,ALL,"Surety Hotel, 206 6th Avenue, Des Moines, IA 50309",$199.00,,$199.00,6,$1194.00,,1x UG for VIP,Yes; TM & Artist,,10%,x634 The Charissa Hampton Group,TTA - 05565556,"receipt.pdf (https://v5.airtableusercontent.com/v3/u/44/44/1754762400000/gEaStCdW8KO0yuSAeAAcIg/L-Su7D09fqA1eX2UE9B5fyGOhw6D9lPR3dw2GdZjLe2g23ou5ZvJR5GPrzXqsAXwQ2Dfqc52tl5936VwAMNHvfkC4pnzwqK-ZH0BhduS3EMV2WBk6y9zNYk5asPBxlYyeGV5JH7fDMTvYTKmt77rE3OqE30aonqS2025IuEqptk/13PWAsgVXQAhMilw2KQI-H5hc-aaLMW3nYRN9dECHpA),CR1S_The Charissa Hampton Group_042525.pdf (https://v5.airtableusercontent.com/v3/u/44/44/1754762400000/VQ9mE6eq_rokNA2PQUnRFQ/F36y4HlY6pVEYU4tQiXitGLvlkkIQFAa_jzU_ITK3mfRQrO39uR4SXsZpwqANCHnFo5ttFAodRNZFdyE04KYRfm12IpjYF0VO9GSjoQpHwuiq5-c0MZp-IhYfbcJ1lVFywTyl9UXRf2lBFe-iHY3TBceoeub3PXyehiMUz5ln6ZEuPI9m1O0WWu2wgTP-jks/ARbVA9EAkSQJYPAG2QKOpBd6EFmDA7lPYHAY5NP0Ytc),Charissa Hampton Group Guest List.pdf (https://v5.airtableusercontent.com/v3/u/44/44/1754762400000/i40nrXbS7cILx5E58woTyQ/Oq1MbMlvwdNYXIaR3GQtVhTfsJuqzrcNHPbEZ12wILtq0xnFujjvfF3c0nyHPpj8cOasSu7zDbslS_khJdsVOvRQAxZdi0S01uOePkSpqk5TaiCplzfs0dV1ZRcUu-lC2p8HFrBdH_rI9Oj33otGZeqi-qG0IeCXgdi9YGZCdrwT72ylMsyHcktzuy9Bzt-F/sx7jQIWWPiTzVGh78zLQS8Tpatum8VAq27sJwhKElDA)",**1x UG to King Studio for Artist,Invoiced,,,12:30,Yes,Yes,Yes,Yes,,,Emily Kix,ekix@suretyhotel.com,(515) 978-0050,Megan McDaniel,mmcdaniel@suretyhotel.com,,The Charissa Hampton Group Folio.pdf (https://v5.airtableusercontent.com/v3/u/44/44/1754762400000/y48vuQ3CDTnwhbBLYuEOGA/ZnC0dYf3K--C-pDMqaovNl8J9_3duUUzkW14f1ASBbBzmb9ByjP2m_Jt_fGXYk0p4kGM2M3-CEPhCjjmc3XZBcFgO10ktR1pCfSzU8q8yV3YNy26PNbyHjqYHmIkWgc6s1Y0B9N3XBmN24huycFXpyYAmHT0K_GuXRwxltpuLxf96HKPvta8a9LlaY4MT3Fk/U0LaobMEY7H734fUDNIHi2cfCCJY0jd_Rw4o86yujU4),3/18/2025,Kyle MacKinnon,,Joy Ayodele,
4/27/2025,4/29/2025,X624,ALL,"Holiday Inn New Orleans-Downtown Superdome, 330 Loyola Avenue, New Orleans, LA 70112							
						",$0.00,,$0.00,14,$0.00,,,,,,,TTA - 05565556,credit card authorization form -Signed_eForm.pdf (https://v5.airtableusercontent.com/v3/u/44/44/1754762400000/yN3_hPXoSKg9HCe6K1Zv7g/Gx4eK--gZ_t1Fg9H9VgvEiEl574x4qzAFdekaUDuvNJz4U63R_2BvBsZI0OKrUWQ7UPoRP8V5whKef-K_wAm35Lkn8tkYFAt8-Y4tE-zVJZSRbmjKibgN9ipphmDGdmOL5E09qP3sFxSCFd_8Q8QPQH6O3Xi-Gj0boJbNdAt5DQ_kBSmLoab_8zpIsOQV5WN8pzY7NHDVUQGarDZ9XDcHg/hEirbGxHbhEqDvVQJzabMhr3w_s5tt76kqp_a5FK_Hw),,TTA IATA,,,,Yes,Yes,Yes,Yes,,,Kerrison Thorpe,kthorpe@hi-neworleans.com,,,,,TTA Rooms.pdf (https://v5.airtableusercontent.com/v3/u/44/44/1754762400000/ULvTHuyFBEBBeBQryMA5Iw/cq1pPUTLQb2sGcO_QjQ4t0QSGeV2TadkBo1XmdvS4bTiQe2HmSBRydz6fDU50ACqvKEza63MaFFDPFiHxSLSXVwLdG9b8COx0mCk7MzwIwynNIZD3FrjDnnYIwJZOYSDZjdsWFO8a1Eu_QFNUBywcwvLjePbQXS4Pfw6qxZcg34/CHhKx4v86e9MgrRqh9ooX_4U-M8sRgTSWZ7HH99e84s),2/28/2025,Ashley Tran,,Joy Ayodele,
4/27/2025,5/3/2025,L339,A PARTY - ARTISTS/PRIMARY,"The Capiital Tokyu, Tokyo, Japan",$64582.51,,$64582.51,1,$64582.51,Varied Rates,,ALL,,10%,L339 - The Andrew Gold Group,TTA - 05565556,,"*Including 15% service charge, 10% consumption tax and Tokyo Accommodation tax.

*Breakfast included

*10% commission will be paid from the rate of excluding service charge and taxes.",Invoiced,Air (Fly Date),,TBD,Yes,Yes,Yes,Yes,,,Yuka Kobayashi,y.kobayashi@tokyuhotels.co.jp,+81-3-3503-0868,,,,"➄1 million yen deposit.pdf (https://v5.airtableusercontent.com/v3/u/44/44/1754762400000/LzrlXCbhMSRYCXESzX6Y1A/hl5RRdeFTVrck__KqNgQdFguCvnsibSWrY8Qyz9eOFI1woHEz3HCB_nrdJgbe8L8Emk4ZN5P7IVLykuLM16Kds73lBv2VICtNUFmrhTdlOPChv-sKP6rl4UUyjQBCTra6ymmBD_3Ab7xrICWVzvI12Yo7UqcKQIgxwG5Hiia_lw/0Uq_-hnw5cKhHUpd9VoMrMduoYDR3YBKdDIrkaO2RLE),➃Additional 2 rooms from 27 Apr to 2 May.pdf (https://v5.airtableusercontent.com/v3/u/44/44/1754762400000/2ZZ9FEVbHEgh9KQ_e2QlWg/92Zh2SUx44JyaI7je9sl3PG5sCU7XXjecg5kpO630O-PrBWYb0K2d8l0EDR-KpUlMy_K4yz7DB-CNT5dPcB8j_QblnhR3connuCSoz-tSiqWdacShkXIc74qR5uerXPeHlom2okeulpzlNRbe17HKeahS9bKaOLTnXbRv8ck8mMGZ-WtN2vNV2wc3E8LfQXm/MKIZSNQjqBwk8EkI-yNTgHeNUN9fc0FXI1Z4liiLIxQ),➂Incidentals from suite room.pdf (https://v5.airtableusercontent.com/v3/u/44/44/1754762400000/C56gs91sRs4SPHWN6XBNrQ/7rmKVHZIwJJv1JIetwSATWJ4yXPbbR8U8V766JVM83Z3AEZmIE-GOfOqe8TRk6RtIkwR7-_A8qlcbpxHpiA_utRvKwCYCzhgC0yL1LnZkmEK5oqKo8QB6aIbHkmXjZ_8oCxPnz6sdSqgGxo1wHz5QDQpal96ZQx5D4s3FO4vFaYQNgiNNBqqq-WHtRaBEbwy/Nh51hpIN63M70RWw-2schyOlSNRogrqEJgH_B5Ld-QY),➁Suite room from 3 to 4 May.pdf (https://v5.airtableusercontent.com/v3/u/44/44/1754762400000/bm3tkBUiKhY6fTyFbqgY7g/g5Won8ujQ33BQSETjii2pb7r7tM0uQTPkHHoFdmVNKA5tFnNZzjL-5fu77DRBz-_t3_azseoOhdqPV-dnoXhtiBlt5n5xKqzs026W5OSNYbFN6OLmegcrl3_01UiD0NNMusZI2nnV87NEFp29WbxBUzBqJjZAOOcmohKm2-cN_k/MnezTApE-u8VHYqfnYVCETgYXgvRHHqwJFKy5n6IgYk),➀All room charges from 27 Apr to 2 May (Paid).pdf (https://v5.airtableusercontent.com/v3/u/44/44/1754762400000/5dvEHTQI63XoBu8wuY0q7g/hr89CaSVaQxIBzejVcgX3Eaug-V_aCqZoB7ChIapy7Rr1XzEYe3nnO0kUgLMEUEbYRJVFfhORyIoapDSk60UVxfjHyZHmMRx8v4dl88qT6afE-_ETMPuwsAa4okId9-v0g4NClVzUzT2-cYTxClhGTxPrb2pyhfDm2c_unsSN8etTmLknWiH0aWBxFUkHfWm/-zvrGgHSMUhfSmJN4dJYKyfciV2Joo-xpxXD1fhgeGY)",4/25/2025,Kyle MacKinnon,,Marlowe Teichman,
4/28/2025,4/30/2025,X571,ALL,"Canopy by Hilton Toronto Yorkville, 387 Bloor Street East, Toronto ON M4W 1H7 Canada",$172.42,,$172.42,26,$4482.92,,4x UG to Corner Kings,,,10%,x571 The Rory Jones Group,TTA - 05565556,"Contract_x571 - The Gregory Jones Group.pdf (https://v5.airtableusercontent.com/v3/u/44/44/1754762400000/bAo4cB3LIPVnFQQ07uclLw/x6ODaUIeklCPAbpT7FXsR9XcbrkMZxkt06yM6PG59yXrQGwAQ6o-vkkInUGtltMJfsWLyOSJ6hgfRlpMC-JcOYWpfHQfUW7lIeoqo96Gzp63rEw6rTSlGzAae_LBL67B5T9aeYy5zx6R4HAavjEr_sLEv8Mtx3KTkdlzy5k6MHqHHoCHrZfTcaMzbRH1zX7R/Z24Z7n2Zv_hGXk6G85CjRCLoJAk6yKT72lfrMe2zvfg),signed_Contract_x571 - The Gregory Jones Group.pdf (https://v5.airtableusercontent.com/v3/u/44/44/1754762400000/VeQDei37wxvlq3fjUTcOgA/M3e41UGBTuBU7tStox0JglSKwYCcggORpK_Iykxq0lRFuR5HIqk1wHlC_TJt4sio7DSodsb524qo2QE1oSxtOMRCEDbw6_9DPBddcWe7s50Q4EW1n70i5t8QrqXhkqWBcQpbUE7pREQf23UaeqrpRkx6-JBnZ34xmayQt_Y7-xz_8jwjFlRYI4aurHItwmp-uCjxRZhCwa8g6eGC9pFVHw/lQ2SZFsu_P4DJhArY3OcApma50rwJr8SCyaObqSaN7I),The Gregory Group PMS rooming list.pdf (https://v5.airtableusercontent.com/v3/u/44/44/1754762400000/nfM3jBGtg94cAWSG0PTkYQ/jDrxAG5zSX82vCxHFWUvRjN_8r_TZZgd9DQ0MDasqoSdVjZdFOn0Lk1ZvWwo1tx7QDY0G7-z-oO0rE9ixIimNNqX30hwjw2ir9940tvLpyPiGLSqjVopkhF8GCfEQPMHBIFwyTFNdZwl4CJhFhSE5mbe0DiEtlJFNiSTFBnwwVK7pvEK77CIceHkTL823an1/tJ5RclN33Wl40kd5-1qB0fE5Jcysbex8RzlehkxIeQ0),CANOPY TORONTO YORKVILLE-91A-1742484387191.pdf (https://v5.airtableusercontent.com/v3/u/44/44/1754762400000/LN6MdhJ_41CVK04jTtzTVg/CIU1kHUhoOxXJQOBzp0PTqrsPCYB1P7YtAGLpuTgQaI5hntIjVzf-LX08p6U5v9hlfx1Wr3swECbp_pG_lg53c1mEq6Owt4dt8DfOc93nVuD3Xn2XChsjoIJDe9jNXuxlLdZfKzJVdezwMBDP7wjgd2lrhiuu-OVRfWYie7n-bZ1wl6n65FoAz9r4N9YRfUwxB-fxciUMgLnKvEUWhIsvQ/_c5S52aJ3WXl7M6Osdv145tlkNahVN5MxA7yCMzUa6w)",Parking is 250CAD,Invoiced,,,Check with Rory,Yes,Yes,Yes,Yes,,,Jorge Cardenas,jorge.cardenas@hilton.com,(416) 921-3333,Jerome Paderna,Jerome.Paderna@Hilton.com,416-921-3333,,3/13/2025,Kyle MacKinnon,,Joy Ayodele,
4/30/2025,5/2/2025,X634,ALL,"Viceroy Chicago, 1118 N State St, Chicago, IL 60610",$199.00,17.400%,$233.63,8,$1869.01,Same Rate,1x UG; Waived Destination,,,10%,x634 The Charissa Hampton Group,TTA - 05565556,"Submitted - Canary Technologies.pdf (https://v5.airtableusercontent.com/v3/u/44/44/1754762400000/Eh6R2m0sD0bZTOPhNhHj9Q/_HgM-c6RCl3VjirQS0OAbD1fTWPozBn356Pr6pPiL_mQjpFW3Us6XzBTwp4H-M461ievMeQuzQFe9ljMam8zU3CmvTQfmpWC3AZUguDM_90GwGjtYp53IhFUGSNTSaB8z2q4QO5PfhzPcmEY2D04evYVWRnvCslH5T3QdObUkeJCviokr4Ix0qfsbz7LzeG-/aZjF4_fhnJQgaRzM71WbzbBIiRiB6sOS9DilXTRqWOk),The Charissa Hampton Group ~ 04-07-25.pdf (https://v5.airtableusercontent.com/v3/u/44/44/1754762400000/q7gPqmcAepcx0cmRQHr0pQ/WkpXR29dDYNBfNArk7-6D4jHrXJ0ceJhAGgk3fXf1rjQwin7hb5aGOYGLb_Zu9dlsWgcCQfbbiDXxmknIMjSh48bSGl-tVY35zOc_Dw9OJCTWzTxIRXbp30e0_MaPNmFF62EzBNfqLQOCCokSIns2hwVjdz0B7mCyRIObasfDAgNp4UE9TXaBeAA8lIfsvR9/lhsA2lTo1zMcc1gBfO3UD1BJJ4SM2aeM2KPJX8qmrsY)",,TTA IATA,Air (Fly Date),,Varied - Reference AIR,Yes,Yes,Yes,Yes,,,Fabrizia Felella,fabrizia.felella@viceroyhotelsandresorts.com,(312) 586-2124,,,,Charissa Hampton Final .pdf (https://v5.airtableusercontent.com/v3/u/44/44/1754762400000/740D5f8XG4SqsE47ge71FA/kszsNbhNHTMFr1bJF7t3D4nEactG-HxGE8DWrcFctwnYHtWE02ku4M4MhS8zwszGpJ601hD0iao1kbvL3m8G2MIwlv4OSaXNxlvv4vlKXaQgxGGXKAvnIk9lDPuxbTQowYCMoUH1CMrrCKDoUpfnueO_nw9Mn3LINTHKWn_1UV0/98w9lSIXLIwpAm5Cm7EpooZSGauJP6-GRZSkKPpj9yA),4/3/2025,Kyle MacKinnon,,Joy Ayodele,
5/3/2025,5/4/2025,X612,A PARTY - ARTISTS/PRIMARY,Upper House HK,$6414.62,,$6414.62,1,$6414.62,Varied Rates,,,,10%,x612 - The Theau Dufosse Group,TTA - 05565556,,,TTA IATA,Air (Fly Date),,14:30,Yes,Yes,Yes,Yes,,,Kingston Kan,KingstonKan@swirehotels.com,+852 3968 1000,,,,"""#28786092-1 Gold, Mr Andrew.pdf (https://v5.airtableusercontent.com/v3/u/44/44/1754762400000/5OmjgSuKB5N2Q7YL5LNqQQ/FhC1Rwbr6dxX6xXfd0kwIEjpWm4rydgEXweZZE-S63lw8Mey1QxjLjORWUDdNG71Edp_mLNBTmZUEoussbUuiWuwkSuJbE5rPiSp4cGtXrW9koCvRfcs5LRJrBMyK8dslCXLglDoxPVZQSAZvZnzKsuEjPcqRSigaexKjUwYlVk0ZrEiuDQ-0jqfcHHcgKCB/aPBDwCDaWebErHXKEbjyjN_TLsJD6kPoLFtE3AGy28k)"",""#87566896-1 Machete, Mr Don.pdf (https://v5.airtableusercontent.com/v3/u/44/44/1754762400000/UFEa-cg7DxZWCbxpKbnVJg/L68bhjqnPh1FvEnO5nFV_t5JGl4BDL447fc9YFUSFhFmD8oObk-1HVP3Nc_HPetwpI3OPhVe2Br5N6KdSoq280O1Mx6kQExqMRl9mh-6owLDHw-ZVATlTVc_zy62wABRwlzgLejehvOdSV65rso2kjO4orIYvWOToSAIy_2gSIbEccZwDO8ycFMB8bcmv3uN/lM-TMn7li9P2UPQeQQOKP0B678wqI_rpq1h6uv61W6o)""",5/1/2025,Kyle MacKinnon,,Marlowe Teichman,
5/12/2025,5/14/2025,X612,ALL,"Halcyon - a Hotel in Cherry Creek, 245 N. Columbine St, Denver, CO 80206 United States",$325.00,17.250%,$381.06,38,$14480.37,Varied Rates,"1x UG to JR Suite
3x Welcome Amenity
4x Bottled Waters

Artist in Penthouse - 999/nt","Yes; Artist, TD, and TM",,12%,x612 - The Theau Dufosse Group,TTA - 05565556,"Halcyon CC Authorization.pdf (https://v5.airtableusercontent.com/v3/u/44/44/1754762400000/fCCPPNJNkz4_sOoM1iUjhw/fBgf9VRGitEurcpweVvuZOk0T92GaiMAAI-ylkLTgFX-X66J3J4xoOg5PzSLuUJatwpxSydRPbMklkHpuEiEp-k_WDcLbS8bjXFMVX6VSyc24QnTocH0wJzS-MskgVVu_L0qZ7ImSjKnWOlfz0xqJCPOfmSN3Voeh2Wvy-LBBO2BrCfCJFtjDkaVZQFLG_2J/dKmud0XE0cxE96lLk44UT7XZHtU7Lm6tjhahHHPdLaE),The Theau Dufosse Group Entertainment Contract.pdf (https://v5.airtableusercontent.com/v3/u/44/44/1754762400000/R0syXGNHDr5QMmdJdqdwhg/yHcR6Mgj6tBBr2hVzGogcp3v5RWDVumAcXhw2M0QcFrR1_k9zLO0XmbIG_zIvUdrL26JqdPSYdOqJl5eD3XP6V9-HxnxkeMbgDmhrLYrZWKl7JvvmfN5zWu00lZ3q_JCw9hcwSF5F4ZuH_AvZ_E8zmSjlX6PTeMMNGseFM4G0ZbExQ0a4WsowvPZRiPL-FAhWUL4A08ir7HlnsN2JKNFCA/CyCcFPv00ehBSWwyIXt92h2cao1PSmDwHoVBNDjHd0g)",,Invoiced,Air (Fly Date),,Varied - Reference AIR,Yes,Yes,Yes,Yes,,,Benjamin Wojczynski,bwojczynski@halcyonhotelcherrycreek.com,(616) 634-5065,,,,"Final Invoice - The Theau Dufosse Group (Outstanding Charges).pdf (https://v5.airtableusercontent.com/v3/u/44/44/1754762400000/FZ2WlrwNar84taHUp0JfyQ/gmXbTeYxyM9TfTMiYlZ-lGtae6O7LagrS2Y_nsh9sw8p2uBojPBfrNqfLm1WFdN6li5uzldlnM_VYeQ7C-_upam8-3VddKlvPkoj6ImK9nsCpu84vmGtjG3MPckK6yBuxQL7AMkwx-7fJg1LMIXgVqUIcrPmj8imKatSIteYSBTWeWrNh8ORGsUYUXfQ9fJSydTuORykm1ozO2L5DevJ6g/TGxJ_MurlM4R59daQRNrAcOFRNzxsvo1g9cJuwcLlWg),Final Invoice - The Theau Dufosse Group.pdf (https://v5.airtableusercontent.com/v3/u/44/44/1754762400000/apZYMyNJF-ejUhSCAQKBfA/AHYeHooVOC6Kdx_nqKtJmxHbVBzKY6_icBwoW9dCunxvl3ZYBW5B7Z0Ud1rmfb8FjQIc-NUAQsc8AQTMOL5ZqKGihOu8jd2XVqbBNxieB1oyqhxxqaJrTEBMWcXGOuSP-oImoajae7eBVwp0Qhhg-b30nWvvxSKHYFECialz3MiGSW3afTJCkEAurR2gmq9S/f8qlFh5F-FhXTOmd_cf87BLN4-GsjCMW8VBLg-8UHOU)",4/3/2025,Kyle MacKinnon,,Marlowe Teichman,
5/12/2025,5/14/2025,X612,C PARTY - CREW,"Origin Red Rocks, 18485 W Colfax Avenue, Golden, CO 80401",$319.00,17.250%,$374.03,4,$1496.11,Varied Rates,,,,10%,Theau Dufosse,TTA - 05565556,"56026_confirmation_1123933080.PDF (https://v5.airtableusercontent.com/v3/u/44/44/1754762400000/KBozc7uq2i8XuABH20SFMA/2reSsfemc09KYcZvC660WmP2DKNbTpnLxUa8GZ2Ftb0wPcDGhW3IrwziUl5AbyP4ANa4PQZDCVYuV490TeTqlxT3lZQEdfb8QZEfWA02ecb5cHmJrAklYXw_PduR5SfNdLQgFapko-WvFHyrWB0BBkOHJ446kmaxE0YaeeNibEssFuaFpWnWwPAPltKFZ3gW/XDkilhgIw7htHaWFDLDHlrDGglPNh3Ldf4GYZXrnDbw),56026_confirmation_1123933241.PDF (https://v5.airtableusercontent.com/v3/u/44/44/1754762400000/H2Kj0-E8N1-PwDJqHWKXmA/tY1A2W2txGROUflpbtgbEJABHtidNprSrEiw7fCkwbZ6lPeSaYFJWT6T3tqUWF2k8aEt3dYs6TFe3dn_YKFn6mpQdo_fgiWceqrTbD5eCEaN-6xX6PfR920SK5sLGGmDd9y6whOn7Gac0Qn0_MDAUfXtAxQXaaxg4x0pPEtA6bdVerNlBwrj6SEXxmd1MoLV/L-zRF_a1Pq5GKay4v37lJVGl7V9q37C1mdVv01ayFt8)","CREW DAY ROOM 
ARRIVAL 13MAY @ 10A
MAKE SURE THEY DO NOT CANCEL AS NO SHOW
DO NO NEED TO INTRO TM",TTA IATA,,,10:00 AM on 13MAY,Yes,Yes,Yes,Yes,,,Hannah Mills,hmills@originhotelredrocks.com,(303) 215-0100,,,,,4/4/2025,Kyle MacKinnon,,Marlowe Teichman,
5/14/2025,5/19/2025,X551,ALL,"DoubleTree by Hilton Orlando Airport, 5555 Hazeltine National Drive, Orlando, FL 32812",$164.38,,$164.38,63,$10355.94,Varied Rates,,,,7%,x551 The Sean Kane Group,TTA - 05565556,"Credit Card Authorization Form - Doubletree Orlando Airport.pdf.pdf (https://v5.airtableusercontent.com/v3/u/44/44/1754762400000/iJHpP3s62g3y8nPpXIaE8g/NerD9Ub8cuqOiiPZFmSpnozkKMeRj6LRev82D7baHEP0NYYd1tAjlSjLitqeerO-pKN2fn6C3joFQ1yCqslx_XmWcKzoqRy5L5Ff2-mBd5d-IaOwscTKUsHT9OY8sF2lXxe71b-T0yvfs6dTyrbpRSmDPYIIbMwDEgl-KKErtjfYXf8zaMTUjV019jZDCTM86BRESnGTAOhk7c-nGcZdbP8zmFP0C3mczuc6n9syEi4/aLTAyuecDFIK2cBk3KY83L7qFUbkU9TdXWT9xG3EZro),The Travel Agency- Sean Kane Group Contract.pdf (https://v5.airtableusercontent.com/v3/u/44/44/1754762400000/e_IxyZA71bkbZmyFDuQPLQ/Cf-846Fs8Grqq3dq21zm6TKxq0uuf_v1KeqorOv5BmJus8dxEDvDzL-CjPt0nOGrQPOU0rTfyr6n7pfUCLsrny9hiRilvB1Ziiufy4oZtKy3pqDoB_XCODW6EFFjlkLZ8GzZRhuXHQ_q16K7LOBC5k2wsALlf5TgDSfSBjptnhWn5LTiJtAT96PLS_Pzu3R2/af--y6RTVO-IUSLV5dqOIWhGaThRC8WQwR7hlQ2DW8s),The Sean Kane Group Countersigned Contract.pdf (https://v5.airtableusercontent.com/v3/u/44/44/1754762400000/Xpb4kuvducUmDMjvBadtJA/XXcyuVwM1PjF3DsqVH-oahrKS3AC61PCZaJtjwTfegep_d6no9OYlLtwso_khx0IW1PD9uawzlmJNHvn3fuCXZmHDj8YtTjRzvuzEP2VU6m4g6OxY1XAaQg_dRy9lBczrdC8hESXIJOgDCvpU_QwJF6e0OikjvNuKwhLOnA3KzKtxW0JlbbcL1wTfpcj9Q-7/Jx0xN9h6DmE6xTTiqTBQ_5GJF1aEh2NggjztsO6--7E),Sean Kane Group- Confirmations.pdf (https://v5.airtableusercontent.com/v3/u/44/44/1754762400000/CkfBVnla8hfmJBdz7pLC_g/kodWa-FtddF-8Jtemj6g99l22qQVHDxKc8kY8DdDCBwhV-HiGNtE9Fg2hwKAM0qDq6s2zNNGHE0aY1363SVHggLPEErWQ9TutPLvlOqAk7tGF63yWfhzzeEBe4SX3IUBgG7ePXiQUxhXAN1N_BkVmcYx0CQdI-OCaW3rpaC65CW-PBPuqng-z1JNjza_lko5/xVSruqdPBH3xrbq3PhmjaftH3kjOBD7_LXXrruKbdJ0),Sean Kane Group- Initial Deposit.pdf (https://v5.airtableusercontent.com/v3/u/44/44/1754762400000/TBIUvLNIGjQR25IoYmaAiA/8S7HFO-4R1HtP-OlDUnV3KUGwWNE9iIqJfH-GWvJKGKTvINAKfIRUKbWBlYGp1Ehd62RAUHbyTn9NjGYcYbcZu3Zw9lJuW_DUpFXNZ7hOz1WRE3YeUYAiW-FIY4LCKinGrESnlicNEgduKtf14xtFjOS2kBWtdm69dlZFSKgbJqdtWYPFXczBusV1P0Ff896/7IlzfBKtRMo-BfSqXd9Ua41zOI2jqx8cV7AH7M2BS34),Sean Kane Group.pdf (https://v5.airtableusercontent.com/v3/u/44/44/1754762400000/8X-YNI_lMXeKY1R1RTHF2Q/T9M3LA1FuGzZyNbfw54sFlgiOhs4aOXrAhsSPkhYgsl4fkRntp_5QdvMAfrwJH8iDumDThocqOcf2qTimoEWF4khemh4y-mLI7J-xdh8CpJUfHOrY3s9WjuodBqTLDOcQrwEX2vWFAQFhSKQGOJA4E3fyZGTSWYzwAryJMHbX0A/agOMr_wTeAf04hAhmiOCOZqwKkILBWuPSZzqixnNESI)",,Invoiced,,,Varied -Reference AirTable,Yes,Yes,Yes,Yes,,,Caitlin Thomas,caitlin.thomas@hilton.com,(407) 235-1912,,,,"Sean Kane Bill.pdf (https://v5.airtableusercontent.com/v3/u/44/44/1754762400000/Bxo2Nur1JMFAGKnwRzAJwA/Im64PqSMN-sSotUAGHygOFGCDJr6BPepsUXD2jeT7oC88A_vOBXJc9H8Y_TEZ1atEn1DtVfokxEYEIoCeGHgsIaPgjJqKWOON19KJB-xXswPwKtdPvjNsadEFWTBbOMQDnwTGZXBgmGMlRwOAdOr6X68HHQl5lSYmPj6LXjyCl4/NGJt83jamuusgYbvTNts6OPZmZvW-WHMyXmJG67mDpo),Sean Kane Folio B.pdf (https://v5.airtableusercontent.com/v3/u/44/44/1754762400000/9ByKT2U06JXt9Bi1QJp0MQ/aV9a-5-mZckfYy3lKB_FMTB1_HaLPUdwNToZzkW47TT4AcUbwpQn2rDGMj-ZK23crJnTOuAupKhRQvoDGxq2o5cS56tjOihvtZj7UCB7IFKkHGcIzvFoTcpYhi05_X88T44sXv8mOajE4VY8tWmVcLTnaZexMRGlvXHKKb5sDxI/cB9690RO8Iwc5G4F1H_crkjT2oqpInkPrb66raQr9b0),Sean Kane Folio A.pdf (https://v5.airtableusercontent.com/v3/u/44/44/1754762400000/kQW8105vz-BpQ24n-A7q6g/2LzBaiYSbIHXs1NEhFUE42QD_QDVjo96gdbU_fgTkMwSjwKfL8BbTmYG4Qpll03rOEr-poz8j_ZowAnWbmRb8u41x6yphawlVibKBYB4Uz9qhNsCBLE5xfPbENMeZsoTI6BA5xBUm1LW09lxmurR7Xq3N76luyHDjzHQoZ9WTSg/rpbvQESL161ysKjLJC5s64cEXF1LrktK2w9-CHTP9I0)",3/13/2025,Kyle MacKinnon,,Ashley Tran,Joy Ayodele
5/15/2025,5/18/2025,X528,ALL,"Hampton Inn & Suites by Hilton - DeLand, 20 Summit Oak Place, DeLand, FL 32720",$184.00,12.500%,$207.00,24,$4968.00,Same Rate,NA,NA,,7%,x528,TTA - 05565556,"x528-H-20250515-Hampton Inn Deland Contract.pdf (https://v5.airtableusercontent.com/v3/u/44/44/1754762400000/jrIrDqRDGavvurPV4CgOhA/M0u9Mm6-jF2UQYVcaFOVgK9Fq3D4xJtUkCKtJtREnkik-JM61lOHPLG7ozz7v97EVLPYGzMjhF2bvzlDrXwy9cWOWyMf9pOBJ8Xf4krRKKZvW1tPMIO6bYVnv_x433J5mTqW72nzo1tj2UfN_6bBYaI4VapBHDS_36hrMnaqSHCJ2PM1UeU_pHRvaDpKodwj8K_Ecc9srGE5TLglxohaLA/yEek_m97_0moL-GWSKjVVwiKlk1uSJfbCazPOsnqavk),credit card authorization form-hampton DeLand (1).pdf (https://v5.airtableusercontent.com/v3/u/44/44/1754762400000/MHj5hhJO9WjistdkKkRXeQ/FlQzKbb4jIS8wXKPUhmNF2twz1uQDL2F5QZyV3dGvoL6nfdK71VmG5DUfzUfcD-GqW-LxvMu2yJ4wV5Os_TYbgyZEE5X6mrlRz-A_ut2e8x6t3zcpYDov68S78relu2Wc59uhALyU5AfyU2IM2V4JPQQAssm0rbZzvnqsKQWC-uKI9972jw6FeQ9pr3LGhAdowoG-e1DaxWocdDmf38_Jw/YNp3pHYHeeHAO0txtpTnMGC6U_oXP1qTi_zSKXDWLnE),x528 Room Listing.pdf (https://v5.airtableusercontent.com/v3/u/44/44/1754762400000/lbSrnsPYg0vJGAZm4mCmdw/I_YoDQ-gQfagMU4nP6JDhfbEUfXKTDNQLG7zEpFcsC10J_txVvnNOyJeJf7qtiTziZ03E8bkNT-yawV76PqMeIhCkYRdvsPI5RehCKZhQBZQfHsgZOG3G0ReG2iTo80y8zqRU7BiAsAAIfrBMKxIVSBmpCwls-6xjF7dr4i_gRM/auKaxh3YR-du9oQdV-43V-_hfAx_qkDXKwIEKzS-2k4)",,Hilton FastPay Invoiced,Air (Fly Date),,12AM,Yes,Yes,Yes,Yes,,,Carrie Souza,Carrie.Souza@Hilton.com,(972) 383-3944,,,,X528AdjustedFolio.pdf (https://v5.airtableusercontent.com/v3/u/44/44/1754762400000/334fGeIofIFb31BaJYakxg/Rnt3SI5GWd9b-cqwk8MT3JATBdqFpRuORueyJg9Z3NMCpMMJ9NOLiOWshbyixoEYgAIvpfq7QvDHW5kTdrFMvx3iW-u68t12ovim2wEOYWbGA5hdE-W559wIO2XBOeEwxHFoIJXnPp819LpIDRC0-1JjR3r4UhuSMa1WhU-GPUU/wGe-6L7OwJ2FEcknLWcCq4fESmu5qPzChe0sZoE74g4),5/12/2025,Kyle MacKinnon,,Marlowe Teichman,
5/16/2025,5/18/2025,X542,C PARTY - CREW,"Hyatt Place Pensacola Aiport, 161 Airport Lane, Pensacola, FL 32504",,,$0.00,6,$0.00,,,NA,,10%,x542 The Josh Penner Group,TTA - 05565556,CCA.pdf (https://v5.airtableusercontent.com/v3/u/44/44/1754762400000/WwbkmV1YcaXP91HGQkv-wg/HmHZ305NbT2piWJGFGe3pL4G99hxoo0q4S0JZ0HPHekvRYpbTcVgN3jy59Jk3tJJv2rAMZ4N1xrdPHwfD5UqV1Hs-d1X-T1puG3POqMDPKdaTKQ5sUTbV_05u0Y5dPQXSyxVmwDR8hWrCRTF3G6FDA/Aowl3LU_9tpaJGnvjKC0-x7TQ2H2W67IAKzspYTrQuM),,TTA IATA,,,Refer to AIR,Yes,Yes,Yes,Yes,,,,,,,,,"Folio_41978942.pdf (https://v5.airtableusercontent.com/v3/u/44/44/1754762400000/RcMol3x7aNQXt8EW5ayHPw/bg065RA2GCpoCd-M-R-xYKDDX32_ApB8sP_JjUUTuKIzn15XiWvEK3dlsx5xZPSEJ5qONK-nbagpBE06f0iZfAwppoXy3cX3XDu0ePrULiIkyB-tp332sGPpmGyCodAECPcR-38ep5xeKGdxaJSAEP-_PzJsUxpILnUrLVeUHXI/NVVe5rLoi3dXb8BGTjV1tKpCl13Dy4uZCDEGa8XzJSk),Folio_41979121.pdf (https://v5.airtableusercontent.com/v3/u/44/44/1754762400000/46oAtMT5kukQLbj8R5eqTQ/gkohhh9XXyzywWI2kF8UJ4ctskrphXWGxfVt2EKfsrZ6VJuGZhNKxjB2mICte3hSl7po2q8_5dV6EkWl-_oPuuFgmVaO_dcZwGQ7qRlD-Iwu03lvEZcp-avnGZCZEC2rTP4QqmVO9cAn-WU344qKVDI6RuinxkbFKEAriGLdy3s/K2zbuXrWiBsas6VJ3l2otPy6lBX1ed1swIAMGzBqHRM),Folio_41979124.pdf (https://v5.airtableusercontent.com/v3/u/44/44/1754762400000/uszhx-YcpKw1syPCS8E1iQ/BeAtph88QvbbjIKO-hNArSZU7-WjJVTk_xqkXKhNAIYjZvD0pYhh9z23LFU5W5w8ndN0Azg-sk-8qLNN6Vw7i9X5mnaNJ41H31hNMXgNeZuMcjUU005jK2l6ssm8Wdzpk8-FI-UB1f57CDrYyqGZKTPq9GFu-hsICYgWcx2e1HI/zpTSTG9Am5MrYy4jawmI9gXBKGIFXSS-tfyBdIns4iI)",3/20/2025,Kyle MacKinnon,,Marlowe Teichman,
5/16/2025,5/20/2025,X612,A PARTY - ARTISTS/PRIMARY,Aman New York,$28500.00,,$28500.00,1,$28500.00,Varied Rates,"$500 USD Credit on SM
Free Airport Transfer",,,10%,x612,TTA - 05565556,"Don Machete & Andrew Gold-Signed_eForm.pdf (https://v5.airtableusercontent.com/v3/u/44/44/1754762400000/pT8cIhkxOAj29c11d8LyJw/Zud3I1RHcu4o8RIqGQqKq0P7EofPAxbxDhMsJMSZZCt-U4tfSswcc2x-UgFaSVVWnynWEjlx9_PjLBl6jSzmE63DBXdlTR3IpjkfE-5mIVCCYn9ly2JGPyVCCbpYDArmNDwJVNhZDdVcVgbqfDP8rJeqFDWVpLCtBAAiSkF27-7INIZAwCWMC2W4kM3g4vBg/2vcRxiZ0n6Tb-qW8DSy9N1g1zBzNZHHYzAezIZ91NZI),Don Machete conf. 194616.pdf (https://v5.airtableusercontent.com/v3/u/44/44/1754762400000/VOAwHLlM4kgkwUOkN4xaEQ/OOvF7nTGr0bzxpeh1Tw4k59QZP2sresmAvWD5yBoRw16VmBk3MmgARPprrwj8vB0uiBL7BFrz8ZEYuG9MVXlGE5sGPtzRi4J84b-DgEpy3wZnTq3Y79l6gh1paB8-xNUOFsbNxvqWLp39YjdlNAHESdku0MVhAMsY8s5p0hM6pA/DQ1cefimT4zPLkbtemTTxqdeksMctFOkbca6ZvEVg0U),Don Machete conf. 194226.pdf (https://v5.airtableusercontent.com/v3/u/44/44/1754762400000/WS_9IANYN2YG5ilmsoF2QQ/VhXHzaCnA9k-kjvT04Vc_QKJbNMwiQ_Nk2E2rfvmssEbwTAv_o4C6xUjfd2s6D3hyPYUBa_622eALjSC0pXgCDWpok3JeaplPM7rY-jtkFLKXxmMDHgYs43YuyRjnrdc_vhnpu0_S5W1mwcelp4QausxM61WuQvdFUzyL17aK2I/H-3INaFwOsk6agi8sA_-rIXsxxoLlwjldSagjdx-nOk),Andrew Gold conf. 194227.pdf (https://v5.airtableusercontent.com/v3/u/44/44/1754762400000/SAWIx1Qw_xteYvZ6d43xcg/4z3Ocd3vHi-z3w3HA49nooUdc3FHMWaBMnrhNnKx37uOcX0Wdd4tc3T_Y7tQogUXlewBUXAbnwKBYWqw_HJJBVXPVL6a61TNNvHQhkElTsSlO-AirkJRQWwydKUTAfTusiI1S14U7GYHhIW_ItHzPTj3NfX35tJco5_awj9xGIs/uCf_Llr222gRrahuKOXh4tVSO1vH2NEEvgA-VWa2tBc)","Conf - SM 194226
Conf - AG 194227",TTA IATA,Air (Fly Date),,AM 17MAY | AMAN Providing Transport,Yes,Yes,Yes,Yes,,,Kaylan Graham,kgraham@aman.com,(212) 970-2626,,nyguestrelationsteam@aman.com,,,5/12/2025,Kyle MacKinnon,,Marlowe Teichman,
5/22/2025,5/24/2025,X646,ALL,The Limelight Denver,$315.00,,$315.00,6,$1890.00,Same Rate,1x UG; 2x Welcome Amentity,Yes; TM & Artist,,10%,x646 The Theau Dufosse Group,TTA - 05565556,,,Invoiced,Air (Fly Date),,,Yes,Yes,Yes,Yes,,,Julie Monroe,jmonroe@limelighthotels.com,(720) 592-1433,,,,,5/22/2025,Kyle MacKinnon,,Marlowe Teichman,
5/31/2025,6/2/2025,X647,ALL,"The Logan Philadelphia Hotel
",$279.00,13.750%,$317.36,6,$1904.18,Same Rate,,,,10%,x647 The Thomas Rowles Group,TTA - 05565556,"Logan CC Auth Form_7.10.24-Signed_Documents.pdf (https://v5.airtableusercontent.com/v3/u/44/44/1754762400000/v6pRj4ziCC_N7IaosiFVDQ/ZBxe1pTb4b7Ldm7Wej7ZYSyltusY4SDAEndvQ_Oy7sqUks_P2DsUpOMYMtDGt4cemIzTx2woI94Yv2zD2ZkyOv2Q3RivTEZ5VRbtCpnVdctsg402OkNcCiTh8dbNNChD7P14chxWWJ_SpnQgVNJ0AJNRTn0pIjUsmymNWDV9aVwMb7oWwHkLU6qWrXYfdmIf1lgDcCRQCQiA2ooKUxKbzg/DlW1JrmzNmA_v6cH5rKDS7NmSNbFFKWrJFkZ7jRqyEc),thomas rowles group.pdf (https://v5.airtableusercontent.com/v3/u/44/44/1754762400000/eXAM9Nqmjr9Pib0wS_8C6w/2YtUf6BCMq7wY6y6GSsGbTbOirExXrs7VTJ9IqMXFzERUpemtH7KDZ5VelhUfXrQylw8Nvu3ux6pkOmMnpZ9JlkXsxG2Ua-a3fRG0zSnsVZ90qu47x964qBKIF3gaQTrmgtl3NkMiFwdlt9Z0XhnEGFK2n1wHJJh3nWHsOOuIn4/DKY4pn1zAzDBU3mzTV5k1NY3nttF2lZsJmQ0KEMfGcA),thomas rowles group.pdf (https://v5.airtableusercontent.com/v3/u/44/44/1754762400000/ZowMm1G6k1_XTY4W3OfA8g/46mBakQ2CbRPBVDcV6g2NfzWuNPdofAj1W2-rDCgSy5RPEWopcCACEoYzKx1QjY84de1_4VDM74MCpvV-5n5CKoMceHbgNlrD86B-SruqtdldLB6OZ7wEks6hufgVqM6fQYavXUCOQh2KlowORRe8InIou0pjhhpzGMVk0J8dTc/MaiB3Z9Ln-oEGnyb0cCXpVx7t2CYvLD5aV0ayRdOhI8)",,Invoiced,Bus (On Tour),,15:00,Yes,Yes,Yes,Yes,,,Lee Segal,lee.segal@theloganhotel.com       ,(215) 963-2719,,,,"Thomas Rowles- FOlios.pdf (https://v5.airtableusercontent.com/v3/u/44/44/1754762400000/L_YSTgM7C5BOQ-FEjybmcw/UWxwVHg7HGvB7iQZGmLqtOVsqjp1nzU-iqBLUq6mMxXBS5-g-WAwPDdDu84pp5YhtgsaGeFPn3tqZN0Dp4R00_Wjiy1l6Oyui-OOzVRKdbgnP0AIijgUUnqxLXzFQbonMHBRZsGzrdGy9M-nH9a1LDIwhXcSNl3BvVlETc1Te74/5ZzD2GJI3TrIXkc9gjphcYI94U0FT6TvU5z0TagV8YI),Thomas Rowles.pdf (https://v5.airtableusercontent.com/v3/u/44/44/1754762400000/fMBP7vIi9f5rrI4dzkSbew/a2-yjmta-fnFFcgtmNR2WhFAwTO6FFuRJRzYOFLsChJLFKirrPmQ9Jw9K2IU50uAXMx3JF5JSTz1spIEd-Y8DltbHNsnUlBse5vsGXHWa72IhW6130gzKP39g0cYbZ1m4lHpAjWScvSltvSqUhqcbQUmIEz20ckxpEqQ0IBrsKU/s9LXXa5oWlL4QubmbUjV5FRCHvR3HpO3JvrX3KJUg7M)",5/30/2025,Ashley Tran,,Joy Ayodele,
6/1/2025,6/2/2025,X564,ALL,"Hotel Paisano, Marfa, TX",$199.00,,$199.00,8,$1592.00,Same Rate,NA,NA,,10%,x564 The Christopher Denholm Group,TTA - 05565556,"CCA - x564 - 01JUN - Hotel Paisano.pdf (https://v5.airtableusercontent.com/v3/u/44/44/1754762400000/sHVW0eEBpC8oFpEt4f6a3A/bDhOMA9D8STKMW4h5voAXxELFJW73T8DdrauVVYQRmefpLjdWUgxTH3rz3KnOZ_2tV--fVx6M7pL_HEQ5GlpF5GrwZziGJzWxEu9KurHZ6R2xD19vV2yyo3XPp0F62g7fWN-GVCrQAB5FP9RjPCYDXozMSK63kl5UUL3mT9HJyVoaSYdRpx6Rg9KZQL8ePEg/p-W3jU6ZlBiqewrXIjxsMOA7p79w3fqg8fFzw_wRRM0),x564-H-20250106-Hotel Paisano Confirmation.pdf (https://v5.airtableusercontent.com/v3/u/44/44/1754762400000/LO9KLfq778yk78kp5vfqLA/2EorEV6G7Dd78Xss_ONBCT4lLZ42KFpOWDwIjFSPrDqVwzuFrI_3REfnwbLUPsyd0_pH9A2C-isZR5w7vYRwKs-YhZEBfBsnoFjQTFNCID5Brv-CRRcO7LY1fvIqIGaajQs0AnbGj_jcK5lKHuq2dkgGY50kqyki3gq2x-OpA07mD3OyR05fYI1d6djQxZ_OfL_T2OJajM0M0AnHw6vYrQ/IHMOBqUndQzxKK332JMK6S0OMAWicZp5FnDK16j-ZqI),CCA-x564-01JUN-HotelPaisano.pdf (https://v5.airtableusercontent.com/v3/u/44/44/1754762400000/VsfzIBxVi5XdFyMkk8DIjw/VOOKODcMJ1Q6VRz7tbNa7n3O55413-kPeND_nxvHOIr0h-NyoGBdydOz4FRHPrFuZVUFiiLWCXU0t0m_HYyb50E9530DS0jLqXbR4sSaAdwVTZ8py5jrwXUEEjoQA9Al0NUCoqzKF8vEgnpFjKOo_-xPt52N7Th9lMecg6Cso5ArPzCnpUPaqHv9ahRDCTFF/JxYeZHeafVb_k87ti-VdSWIkpGP0q--0U3kkdXbGRrA)",,Invoiced,Bus (On Tour),,~11:30,Yes,Yes,Yes,Yes,,,Paul,frontdesk@hotelpaisano.com,,,,,x564 Hotel Paisano.pdf (https://v5.airtableusercontent.com/v3/u/44/44/1754762400000/1gs2Rf3A1eWmXeOOsbyKYQ/MTtRD5mRuctAQF8TrJzE3PBpAKftcu8flw5oEqTP3iSUDxpsUUa8dqc22egPtZseIuZ6t17HLvfw0RJl5fGQbF-Q1XcJTH3RzoVog67PGHP8NSFT1ZsGrw2hZ4nK1hOG7yO6oHXtn92v8SIL8rzF9svdbpIqtOy-2zL_AhnQiiE/pj2oEQzJSbJrINT3RuNJV0icLiOEuphWFztIZ5SsdZg),5/8/2025,Kyle MacKinnon,,Marlowe Teichman,
6/4/2025,6/5/2025,X564,ALL,"The Westin Jackson, MS",$229.00,11.320%,$254.92,9,$2294.31,,2x UG; WiFi,No,,10%,x564 The Dan Avery Group,TTA - 05565556,"x564-H-20250604-The Westin Jackson_Rooming Confirmation (12MAY).xls (https://v5.airtableusercontent.com/v3/u/44/44/1754762400000/l_BLI_s09_8BUX1lxCY-hw/Wrw8WrErHwHvRJuYutfNS5MIGvHzF9BqbYQPso8aXCzK72Lc2-611YTquUBqEdZV3l44Zas8wsahfRTaW2KbC6kPETwiTD19YquSLZYsA5rzkD_g2l8xdpONNO4rdZA4XxGWT4D2NnYVo4VPDEiGgDItcOdUqfh67AiKl_G2e4IpuyzxfkVPcmSxsK8CAUaaNmv8KH-rHn0G6uRAF1te2rb5_3rPBo1uiA6YmUCbnGw/sCULKpMdXu54_6DcVYxgRwe3YE_bwPhO6QELLy8-yp0),x564-H-20250604-The Westin Jackson_Contract.pdf (https://v5.airtableusercontent.com/v3/u/44/44/1754762400000/wYeI4d2JAj-5pceZmHPymg/2TaHaFRIvwa772C5meAHQEhv2rqnsdoOq45VTodwxzCNelV1CcU-vygtn65gLNUS-ZCAv4nBcauMpPk0ayS_70ltKJg4gzb4RysHGN6ng_DfbCSKKtE4BePcuZ2sotutmNA0NruRmeZaB1MGTaclND_2rf3Z6SnuPI50khO89vGc2minGIAuAiuj9ZS4QGP7D5MsUH93RK6TStinGv4ciQ/KpPUKRoyCTB5PEuyqV1c2AX12vyLHcdLm_r2VI44HeM)",,TTA IATA,Bus (On Tour),,~11:30,Yes,Yes,Yes,Yes,,,Nadia Radowick,nadia.radowick@westinjackson.com,(601) 968-8200,Gabrielle Conway,gabrielle.conway@westinjackson.com,769-235-8347,Dan Avery Group June - Invoice.pdf (https://v5.airtableusercontent.com/v3/u/44/44/1754762400000/38xVU1Fyw8DjORQZH5rEtg/7vlFTOSqCtgvC7mYV0UFl_Qdpx4u6nm8aP3BH1ebCsSPWQtSw5ZM7J7ZIMSO60ZKdFRtwI2c3zVQOmu8erjL_Cl92KWNjLQtgKGYrLobg9rDzJ8JvwA1SuTdMMM2AIOqa2ZA-Xdb6blJlu2fFiusGXLt5kO6wE19qIkPSkSIbHN_TEZt8c1F8DGd6_FavPQP/wo8K0wS4CWQ29LBFBr4O7S6pH49VIjngx-xEQz5B0vU),5/9/2025,Kyle MacKinnon,,Marlowe Teichman,
6/9/2025,6/11/2025,X564,ALL,The Tillary Hotel NYC,$179.00,14.750%,$205.40,10,$2054.03,Same Rate,2x UG; WiFi,Yes; TM & Artist,,10%,x564 The Dan Avery Group,TTA - 05565556,"x564-cca.pdf (https://v5.airtableusercontent.com/v3/u/44/44/1754762400000/Z7AU23iBYLTNnb4opbMxXQ/m5zlOMoSbHJ4DQ033eyUPoHkarNEazjh-DJAIydqu8-wBfMc8OekDBV9-Kmdh6pmFtbtKB5atXKOj2jEm_iosrS_cTfJXEdJK2nEzTrraEoDZO-OGh_IsYn3L2Aagb7eRU9LT4OeDf5KYp2qYE1lu_iF4C2_qIkcRuJGax7JZzI/cJdOZU7J1KBPnhBK51r9hoUF4yoQ0XQc1NoQ2MOhcV4),x564-H-20250609-The Tilary_Rooming Confirmation (12MAY).xlsx (https://v5.airtableusercontent.com/v3/u/44/44/1754762400000/RRPWGP-N_9KUsrN7wD2_KQ/WVuBiSbAAe19eYfB6x-t_Sq71EnKBl9Mrd0wderSE-qEneXcnS-f9u1Wo__HHjGbmf5UXaBlnZzpuGhp-AVMEpOVOi593Yq7gyoUynEe62Cn9WD1Ht1LdS0LHOBoJpul_qs03_Tf2AM_NMLOPz-DTLydxoVE049eudZebAu5I_-sFqZGZ4IQtZDztiFozPmHjGHw5hvddidadccbxJWOTQ/vX4quexMIDHCza_Ps3B8sbitvD3JyzFTAElCUZWz1r8),x564-cca.pdf (https://v5.airtableusercontent.com/v3/u/44/44/1754762400000/2MVNmnB1Ym7yT3B4Fw9HkA/AqHOjHVJmthWGU7EoPd0A05jt9gP3r5JuYUgTAztQga3uHiJi0mOnQziyemcVa9rsfO7PnhndLJzBS9B8087nEkMArz5AgMFow-EmZx86OwrvPumMw3z8vOyv738Xi0Iuc-ad-Q2_0oXZ7zKHte8syQxP2_66Ign-UFyaSt2dPE/cr_G0kvjcBJBpLhOFEezd6izXgpvTWppZITUHLG1Sc0)",,Invoiced,Bus (On Tour),,~11:30,Yes,Yes,Yes,Yes,,,Julianne Jenkins,julianne.jenkins@Hhmhotels.com,(332) 264-5263,,,,Chris Denholm Group (1).pdf (https://v5.airtableusercontent.com/v3/u/44/44/1754762400000/Djx_I-s2K3I_zJGJjqWFbg/vAN2pyR8r08-yCOSLgTtMNBytzPJj9vEuFmE-ZVsfW5FP64RaF_TU9E33Y5yuRcK63-YyFoDskNu6PImFs74XFjyYuU51o5WODJJ0uHv5Po0f0Su9qaHiwD3aXD445QdleEGl6cy8Tb0QsMsWQBsrBkDBq_TCt0SO2cbX9vXezQ/9zju2yjLeiTiREKqt0gJJOp00lNxZLA9wXVOLYbfPzw),5/7/2025,Kyle MacKinnon,,Marlowe Teichman,
6/11/2025,6/12/2025,X564,ALL,Hyatt Place New York/Yonkers,$159.00,17.750%,$187.22,9,$1685.00,Same Rate,"Wifi; Breakfast, Onsite Parking",,,10%,x564 The Dan Avery Group,TTA - 05565556,"Hyatt Place CreditCardAuthorization.pdf (https://v5.airtableusercontent.com/v3/u/44/44/1754762400000/xcTzsq2UH5IxseOPDqWAQQ/PVmqWD5fmcqw2x3x4aMHfWBvLKBZXK5W725KGQSbeWzFhSaakiDlwwTokZADU9dtkZvTw9kc6druNQ9yaBzinUcY-q0e8rv-2ycAg3D5sS43CNSGd6OOf6k8qx7ZJYngaDk6Tx4dZxFFRJrGhmfAq8Qmw-9j2_SBBtiZHO7jZhyqM3BVOldMHEnetgrv3k-r/Zl7I2JtPTdi-klGTFSteFSckkwD7y9zlrEEo0a_Jvhg),06.11.2025 Dan Avery Group.pdf (https://v5.airtableusercontent.com/v3/u/44/44/1754762400000/SQkt9Shr2_cV83gH5Y83oQ/XpvoLdZwigOYp-q66BK2MjDdkrzD3-9KCjyi3kV8AySJPlRFtxCLrwAB2IkSedKf-Ua7-qiCod6nOUrwkT2P6cKs4dJYFD_7Be1I3pQHbBrSjILoMtGFtRz7m0-eTRMPcraKex9Mgdq2KhZWnl_nBrSUxfYoFRcFTbxqa1aeux-MDN7-d9nXyhBsPjUN5upL/XT6nqjDMs-CFg_1epdvku_P-MZSE1gkNSJ5S1LXb9DU),06.11.2025 The Travel Agency.pdf (https://v5.airtableusercontent.com/v3/u/44/44/1754762400000/w5y_dq0AxPeJE1cC86QapQ/gxCI9YyHl1wp2VZlgHdn2P2-UeoJ_DJQ8QE55vSc2HWbQxXqQUR2n3k5ABZilcjQ-ehY0ga8Q26wRPgFQ3_IOQ8aikzb2n-YiMipS7dloH6FD3r7b97w-an8yZlmUzNIuCyPbSaesaqt9lbIeaY9H_LxHOC9CAWrulwwoa1Gol-M3ptYn1ZGfj9TFIl60amR/RAY3VdUdeqqHWsyOPZw0Oxh4xwl_OWW0K6T7s62pbdw),Dan Avery Group Rooming list.pdf (https://v5.airtableusercontent.com/v3/u/44/44/1754762400000/81Kk0tShFkXPRCfWg8JIbg/qGJfwhA-WYHB_fY3NALQMT4zUgc1wzhOljuboPtWGThng-FFw1S6qZU8ay0-JIP-gsXSL0DjB1qCfXiTDYqtpN3EBji0OyzHL3q_V4LmhL5_DM6IrJENowjcaZ5NrfWgVG8oU5MjCBxnrWoJ0cdKET5wwyT-B0bAKHyA1tWF6evZwwrsq23pmlRIStYg7UXm/kJaPGKjRgrjM0tvMpnOlO5dEl_rPe0X26D9tXETY9ZY),06.11.2025 Dan Avery Group Countersigned.pdf (https://v5.airtableusercontent.com/v3/u/44/44/1754762400000/I5glg9NwPpNg0IttOde6YA/aj-CxgN0SzG1uUl5qx-HsIyx0Tk0M1HV3dvRnIiQKJ8ugjmnsWzJEKvBmp0S0O3mY9ctXbgCc3VLGMcIG-bYLkuiaPFarl8jMz6Z30T6H9NVuWO6b31k5j92lkLBcvew-3jELUXMrgrMtlxe_AnofzDobvc1kw1QB_t4dY9ujrH79nq6bABRpAPod9_UpPV9/dniGnrqNQf_hYp8qRAalyKMdhcHez_wC9Xr3uuyea9g),Hyatt Place CreditCardAuthorization.pdf (https://v5.airtableusercontent.com/v3/u/44/44/1754762400000/VNVRTMLTnIuwKceW4GCPUg/AFnGebvw7WKG8cuUbXYZHmBPstahOubCAjvyMD6BIv8WjP4e-0IXiNjfpZK1Wwa7iaVUBSkFHuiQV_JMC00D4Md_n2zrrWqs2yA-SBZrrwCM6GH1oLwaQJrN8eVHZI-XNuglJDV5jHnZrNtM70pkcqz8AqqcPFSLayGUwgmVfkKGhFN12feqY9-sp7PiI5u8/qe1XYkhTD5KgFiz8w-v7UIc3GwTYP7NFOCw_dxGEH-g)",,Invoiced,Bus (On Tour),,,Yes,Yes,Yes,Yes,,,Nena Harvey,nena.harvey@hyatt.com,(914) 377-1410,,,,06.11.2025 The Dan Avery TTA.pdf (https://v5.airtableusercontent.com/v3/u/44/44/1754762400000/0M04g1OggEzUQ4gS5SEGkg/lUB71JVvElue7RXABOfiPlN3FANDznT2TQeCdEBVqh5zebBanPP4ASBcjh2izD3USxHBEziV_pWrDIEvdO2d4WJXTQCa2zBCmCuwqImHMqb_MvEnFIRrdc2WttgvgOzsfYBtXl_UKq2GE-eqEkb_cBq_11hUPOpZxdXcIYQF4IjcM3c3gcbaH7croKcke0B2/MmmMxFjxXgw8mDeWzQjd4J6HKVjdOaVC0IV7TaCHA1I),5/22/2025,Kyle MacKinnon,,Marlowe Teichman,
6/11/2025,6/13/2025,X624,ALL,Hilton Philadelphia City Avenue,$159.00,16.370%,$185.03,5,$925.14,Same Rate,,,,7%,x624 The Hannah Kraker Group,TTA - 05565556,cca.pdf (https://v5.airtableusercontent.com/v3/u/44/44/1754762400000/wXuUyoRAZPr6tBhAvn5yxg/MdyCWMZzaaYDhz6aZH0iTPpO7jNI_B4MlY_k6A04J1InuSQAxdOXL3Do6KSRvP1PzYdSLyMm6p4ETtBIKZKvhz1rG3lh7Gvp6b5ZNRtqyrz1vL5M2SvUYA-hrCiWnck7u-emK5YNaFm6r3nNUQpxag/uf0S3cwX1DV43W5Kto6hwVasseNZV2IJFwl9LofgJ8Y),,Hilton FastPay Need Invoice,,,,Yes,Yes,Yes,Yes,,,Michael Mitloff,Michael.Mitloff@Hilton.com,(267) 969-3016,,,,,6/10/2025,Ashley Tran,,Joy Ayodele,
6/12/2025,6/14/2025,X634,ALL,"Kimpton Aertson Hotel,  2021 Broadway Nashville, TN 37203 ",$209.00,16.750%,$244.01,14,$3416.11,Same Rate,1x UG to Suite,Yes; TM & Artist,,12%,x634 The Charissa Hampton Group,TTA - 05565556,"6.12 Charissa Hampton v3.pdf (https://v5.airtableusercontent.com/v3/u/44/44/1754762400000/BjuDIRTZEB-9SLAQr4durQ/I2Vmdvhwkc0xxd0JjQYRrPkzhx8rcA1aE7r2WSuD-Xkx68tmy685AIIkCpWbEpny1di3LQ-NxSWZ8Gae7mdZg673MK3gUegekJEPEDtZa9hk3fSBQiHP_KWO-gn55pYKPfNKuPZf6OXYjZ51-Nq55nv37Ar9U8nHSp5HdOhQXqA/OtezCkkDcMc9w3y-vCnepjmnR9HjrLHrlZdBDbduq_w),Kimpton Aertson - CC Auth Form.pdf (https://v5.airtableusercontent.com/v3/u/44/44/1754762400000/Ea4NvkoHV4FN_negf1EWGQ/M_B3GTf83YnR0yNfF2zHWfbytZu_zgmKQ300dbmym-CdLvND47s24icLzVH3Iwc50K8maCkxXM6GWc7Zk2SD7ea-DxCX4VWnHgKEI6Mc7RMdTHgd9mY_I8s7RBiy_pBxLkmJlvvLh9bk_rZpVJGn0ZpojUpCoD9EU1KTLA3A3xbNTw6V-ucJZuthWAzUFUJS/GLc1ub0dlzGlCGhL7-qKrPzFOWmw5dvd-GVZpANzx-c),4.11 rooming list (1).pdf (https://v5.airtableusercontent.com/v3/u/44/44/1754762400000/r2WrBRM7pi6wZlHadtOWUg/RXtY4C5QQrZAEnHPmOEEOtFk-bF-8BzNsrg6vhVvzz7NbG8SiC_n-RC0yOyeqUm30_vIuBJLLrDoRLU-E0QLHltwOLGGDBdZx29XUXK8h_ImGKAfhZYTPcY_jjDpyQ0FSBA19qYUznLEaEg812YqOzC7bv136nLUuE2PI4Rl5qQ/f1WSXs5vN35UvpewPQeM5HcBlnPEnTeh1OMzxdnDKqo),6.12 charissa hampton (1).pdf (https://v5.airtableusercontent.com/v3/u/44/44/1754762400000/zC3Y7LogY7O3XRc46_SDiA/vhwUeKyDTCK2MixPNuKgGK1A-NCpehA4oHhBEi5G6iNFh6fXG0KC0hXyKTFjX0D_Ce9gNsPPzqnBPHDEDoN-f51j8PbwNhdeFoHVaSKcK8eXe2ugnq18tkapkyf9CnH5Blot3zcJPpGdh3uU5tUVUkViqYm22uLxvt4CttUthbA/PS4pQnTEc7wr5bOI4dh2ebAJNUroYl1HZWEdLUtklh0)",,Invoiced,Air (Fly Date),,Fly Date,Yes,Yes,Yes,Yes,,,Brittney Fain,brittney.fain@aertsonhotel.com,(615) 600-5037,,,,"Kameron Holis INC.pdf (https://v5.airtableusercontent.com/v3/u/44/44/1754762400000/5yG2kl2g_uouo00eGltuhg/CBe6XTNtbtW_xr0OU1tqD0nF19ARRMQNu6_Eh5JEdsZPGxcain2A_JWxuldrvPxnBmukobXywGLC3FywpM8c4UO6sMjauPtJdWy9FC92r2TDcw0kpHqIp9iqKrkFIbS0G7YXr7Ad5umvG5mbEo6KhwFIQTcyMD6uzf9vfh1fovY/TmI5O1UUcCdE48DBsHNDjZm1o4XR6YYqeqvt7LjZuMM),The Charissa Hampton Group Accom. Folio (By Alpha-LastName).pdf (https://v5.airtableusercontent.com/v3/u/44/44/1754762400000/YdW5po9m11wXr98xbYHk0g/Ofo8E8yjQKclM1492Zfb9rH82Mg5BnN8OFUveFR4tbHuBIP0iXPZx7buK5np2tEdpvrWs_BUfp2Ky3Sez2Cl2UvrGchb8Q8wAjkQQ8KLdF7KseS3gpszl3V1pimAKwvE9UXfRe01l4w8z0-m9oVtzhtc-ZAM8fiHhYjPxdHzLjD4PAWtfNp-p5GiT5t8OJUGdk4JFj918Ci5k-wUUDY9Vg/FXMysA-ExTLkVTLDjeyntlrS91LjQl9QdXhyOZGI-7I),The Charissa Hampton Group Accom. Folio Summary.pdf (https://v5.airtableusercontent.com/v3/u/44/44/1754762400000/nHnUC_NmQ-RmvqCm0u8Ewg/Ac-VOOg_8xEnIAIYQKm_35VHKn6le_-CShkzTIr4QPxDv8tbgfeUWm_bewaUwQuhhqoEr-FGtInEo1eH23AOGkmXMvI0zMPAUF60JfAiCFOihiQXrJVFBwVRHHExEctROAaJm6DFOCM54eyv-CXVK1jq1gNXlamT1AxEN_j9Kdt1Cs6nnEKyP5l3lY_wb_6zaRNuIt7osypIpYdDW-kXyg/_VOCZGqDfRSu-GWErE3V6ys1iFIqQXyLAwLhoov_4JI),The Charissa Hampton Group ALL Folio Summary.pdf (https://v5.airtableusercontent.com/v3/u/44/44/1754762400000/YkE9sooFbB5CFRoerNas3g/uTwENA14Kqr-DNtPS_-SZBk8veIalAMs_yNKf1PPnCVVAwlnWi6O3TuIkaW9NVvmBfsckowDjYkB-erHDznWW0F8gL1msBYn49_FNJN-IyyJ2hzTD9OuXdW_a46ykWVM2Zlzn1-MKhrUG5-rHr9H2ZtLYoHKXkdYf7v6l3PwbCaIpYdo8_Ijo3u8xr5FyFxttSofd9hCS2ufwa_nk46wKQ/HyUYC2JWOorpBsBB3gn0iZQTJvOG8yNH03UR9tyR-uE),The Charissa Hampton Group ALL Folio.pdf (https://v5.airtableusercontent.com/v3/u/44/44/1754762400000/j5caZTUV6Q0F08ajURBozg/HGgmlX5CvlTAwa299c7ai5gqQ_6jnoQcUHheZKiKrz0cgBQHoCI72KBQRE85U0g9eF7dmrdkYN_wJDNTwS9oqJ6l4OxoKSyKsme4xNZv6jENJ9sDM0pBMk5CBhUJ-sy-3jK0oXtAz7yH4LfFldkmF6raqSSlxrFEiuKkxRbaUCFe0mAToRwlGiv-E71Pl0BL/lz2-72GhhPLtma_ocqlIrchRdC8bG1efvTKOQsgouIw),The Charissa Hampton Group INC Folio.pdf (https://v5.airtableusercontent.com/v3/u/44/44/1754762400000/206JdcB64weySUZg90AUmA/hiUVGDil87nb7BkQy_pz_VHlWAHZMvncfg1tBrc-CFl9gJnC5HBHPmqOEwi_CyDaC5xbl6388llUcE4TW7wtFmgv0_3oyh_GoKZFVvNNBju_HGFiLeYYo_eV1_WA1ownayt-vA_A4he4MiOXA-vSnN9uWO6lz0-EfGx_ADDqOrThaoxNgE-CvdFoSoS75Bff/aufkcxvtZnnnOlDnEIcWauxA0jgFo4uK6NNMAKxqrdo),Charissa Hampton INC.pdf (https://v5.airtableusercontent.com/v3/u/44/44/1754762400000/-aC3vCMKJzfjbkGwOyVZ-A/E98966Ya7rxaUwsY4HYCJRtjHmVEPIfafzjSz39GyTJcBv4Rmwpj8SAWSemq_5LoPMnrSYCUwz3d0pB6nsdGnsIGYZAnjTwxj6n0iCmOLGYaEndrADS6NWGiPBJnrIBbKbDKaULB7b3ehFxo9O6qo20k5noAbkS779x3j3jQSfA/IdG7Ip1SGJ8IYTm3CJJc6IK_X6ybsxQC49kvFabtjMI),George Thomas INC.pdf (https://v5.airtableusercontent.com/v3/u/44/44/1754762400000/unCqgMZZNuYivBSemWtN6w/QHGLrC2x3cLeSk1aXZI2OetClJqkIR5NacpIwys3P8Ry7FHcdWLbkwm_RKzGz_0LqnmYS_SSZZTbWZWyHK64-Zb-0i3ilzBeeHtLuTewBEGP2YiJgIXdpaTJ3mhLhOBetF8MgeWJN-VEhivw1DoNd1qWQviFasvjILLqV-5SPrI/x2urxyjqj_6I0YmQF2XbZFk2yhIMJapU102Q8ZTcyAg)",3/27/2025,Kyle MacKinnon,,Joy Ayodele,
6/12/2025,6/13/2025,X647,ALL,Holiday Inn® | Downtown Superdome,$84.00,,$84.00,3,$252.00,Same Rate,,,,10%,,TTA - 05565556,,,TTA IATA,Bus (On Tour),PARKING $200 USD,,Yes,Yes,Yes,Yes,,, Kerrison Thorpe,kthorpe@hi-neworleans.com,,,,,,6/13/2025,Ashley Tran,,Joy Ayodele,
6/13/2025,6/15/2025,X612,C PARTY - CREW,"The Barcelona EDITION, Av. de Francesc Cambó, 14, Ciutat Vella, 08003 Barcelona, Spain",$13878.00,0.000%,$13878.00,1,$13878.00,Varied Rates,4x Waters; 14 Day CXL on Night 1 of Penthouse,Yes; TM & Artist,,10%,x612 The Theau Dufosse Group,TTA - 05565556,"The Barcelona EDITION - TTA x612 13JUN BCN - Proforma.pdf (https://v5.airtableusercontent.com/v3/u/44/44/1754762400000/txWf48xz-RMMcJFTSJ3QAA/MTR4bVyvospk_eXc_HHsBvJ4CItU6HjQUjyf5ofXlBpvbZn3gGelyCoZYJLqq-wc8Lrpi0vmVEwGKxPQ0FZjBRbFkhoerESdeWMgrY-DEm5HVgC23_NneHpUmH23obhIsgMOPE1n3eKK1SfVdAuQlbA-Ob4FVVsv6RbWDT12fV-l5mf9DKVl6GitO0-K1ct0H_Uh1u_bKgYJT2urSAuCmw/pOJlR15Xm7mYSHChZc7zNpt_C0cDA-0ehMUmnPMcMbk),The Barcelona EDITION - The Travel Agency- Agreement June 2025.pdf (https://v5.airtableusercontent.com/v3/u/44/44/1754762400000/siLlKyWlz-3SZcOKF-Bkqw/jNBTC7hfC37Cumv51n4V1WFKbsnSOr0YsE9nPU2nwMFY5MLeci48_emhxJeZWnCIGe7DotIpy2Lv-eXXcsnVZvLqR6CV5uH8ln3dMg_o8KWk-gPw0kudksiZtSYehFJdcc-vdNxz1-lw0Key43co6uTM3LuE2qRL_xit-Np_5JcDcskc3VvGw8fE9cE_AF_AdwVM5TX0FKQvYbq-oLqMDw/0_i7hYBKt2xgo9lXAF-BjALBDO7hNk-oSZfXOKbAM6w),""x612-H-20250613-Edition, Barcelona-Deposit.pdf (https://v5.airtableusercontent.com/v3/u/44/44/1754762400000/jPqAgnSYW69VN4Y2y5Ix9g/WG2_zztK9miu6jYCorviaRiim2K9C0EuYHJvLwWGd5p3mtBq6eWP0poleZUaECp7WAPM4hcABI_m1NM-NkkS6FvBE4a0RJ4RvGZOxii5oSTMhCj4KyVl7s9qKJX6slhtVY81bkBv2MRtp4BuN7paBFcVRmh-YdSMIFkYZYh364pGTzCwUAZ_1xEUbBR73kV-IjK4PiFfp6T9NIF7XZEpCA/F1SWOLsyHvoB7g0JbRoXKyf0o5oKlggOFy-ot-m8jKU)"",The Barcelona EDITION - The Travel Agency- Rooming List 24.04.pdf (https://v5.airtableusercontent.com/v3/u/44/44/1754762400000/rb6loNDhkNZNIAuGOHHIWQ/yq4zH5hiIrW-SM5Y1Nck7CBEq9a9nn2YdHwgfFVydAzuskcck-HN9tFradcbc2AKZmobIQbOtYV2sB3fXudbTc2f0TLlN4N3VhsCwtTgBOTCRD7GdWIpFYpcM0ugwQOQf2v7saJjo59VurA0poxF7bzx1olw1Ms4mdOCAUy_kbwA5fZCn1t24A-Ej31pXk0SIFKyu9cyUQ4nyNfVzwzrqw/xW7sk22HBW5mxXweybd_kBsGTGJ8vQdvgRfT2AVP3z4)","ROH Rooms Floor Below 
1x Suite & 4x ROH",Invoiced,Air (Fly Date),,Refer to AIR,Yes,Yes,Yes,Yes,,,,,,Emma Brighi,emma.brighi@editionhotels.com,,The Barcelona EDITION - The Travel Agency- Final Folio.pdf (https://v5.airtableusercontent.com/v3/u/44/44/1754762400000/rK9s0O3hwtfxrklOD6QlYg/v55o0dVL-WZTWMjy7eAxGyekX-QB2Y66xUk_DhSKebJNvQM-xCt6K3zB4NQ7FNhqkYyj4l7UeCaMzJ0U3RjCLK5tlO1Lnh75gbsWca0kXda2DLZdST3Ez9dztZl0TvN8A5_jtmfNKoYs-44ZqUo0wbgt4vVsexFESn_eQLBujnnosU9GtVYml0ZlSk9edcDe_lHdrFEagQTSdLXZG4hRnw/2C2cbWBAN-YjbpVDQi8VoqN53B_wSWlVX3SMLXbLvlo),4/8/2025,Kyle MacKinnon,,Marlowe Teichman,
6/13/2025,6/14/2025,X624,ALL,Hilton Garden Inn Danbury,$219.00,15.000%,$251.85,6,$1511.10,Same Rate,,,,10%,x624 The Hannah Kraker Group,TTA - 05565556,HGI_CC Auth Form_Guest eAuth Standard_prepped.pdf (https://v5.airtableusercontent.com/v3/u/44/44/1754762400000/jukFckPf7daUlLh5j9OpSg/ZdU_wrI5SgNmoMxcxBFnZtoc4euxiQV1obiT03Bn6nhyFxzFqr6jTi2XuVO6srcwlRV9qIbBs7Mkc6UK4QVTYUlv1nVg2BUSSxVKmL3N6i20wzpaff5W0icAKsVGepdUpvN-jS-vwXO0v2c3ePxme8884MoQXst32gcfkCnq3OmIAmCu1_Kxv71e_fpORkWR0TT8rAHERFIKFmnwvihuYg/Mjdslt8wwY6Jh-BrZocDLz6hH2Ygp4yFh62mDj07r1M),,Hilton FastPay Need Invoice,Bus (On Tour),,,Yes,Yes,Yes,Yes,,,Kelly Agama,kelly.agama2@hilton.com,,,,,"Ashley Keefe.pdf (https://v5.airtableusercontent.com/v3/u/44/44/1754762400000/muOXyNQk1yrIf_BsunFRvg/WRvIgCNjhUv1AIrLTiqHdX5OdOUJ4ZSH-31R0DXj7bSu43OBl3_V3woM-Tt9h5i3V4o6R1fZNmyOeGzMI0KIUGfdGa0_2eLGcjekk_7wRL1q76skMTgtTXTj7Qqg02NlTyoFYb50maO0eQsq5QqxVxe1RoPKM-qbdxrNjSyfmSQ/QoNESiTecqGlTPLHRr_R34u64y4uvh3mrTdIQ_GmhEg),Cody Dickinson.pdf (https://v5.airtableusercontent.com/v3/u/44/44/1754762400000/RY8Ya1a_6H5b6dIxmZrxLA/MCoXNTJchUpHU59NiPvt3lLSIkg5CcPXcOOs8JAv8_2moWD6R4ydlkPX4nE3gG3ruElaxFNN-9x-1iK8snJpqXDdy72YiOV0mFaK4_VAYWNK74QDXYl_Q3KKL4M3Vr8ic3Pr19EsJaYunNZ5PVABRjCtLbe8tcy8K9lngmntkJE/aelb5OESyv5Z_nBb_hpeAHL7rRMgwm-nOVlOgA1qwpM),Jessica Wilhelm.pdf (https://v5.airtableusercontent.com/v3/u/44/44/1754762400000/Ogzz0ALaG27eZeWAM1taaA/2NmCWZip0Bq4VMsRjoQmyYnizVtXdmsTNrIUsz1iNFLaqdc8sAzgopCXql9gKGkQPg4jYH4_xq8h64oE-NZAa1x-cpRXaGigoNQn61xtLSnhhkHtVuiVdnjbOLi_TaUNMwq4lJTtCv98aAXEXjLDATloU54FewnEuuw2C4Lqjnw/6eAKPBxAtj-xRC6gJ5EnMyCUxhCbr0CxFRA2txvk-Xo),Joey Williams.pdf (https://v5.airtableusercontent.com/v3/u/44/44/1754762400000/rTo5M8IkKuxus1ShHxHrNQ/HPutOc5crHSAAqukwHX8GgLybS0YVR3h-g2wphGCLqZb91o9oSHklRAxVj8d_hZ-B_Moke6p_45bC9fADMs6FeLgW1_NUTc6CJEKvhXMVXbHUu8S7KB8jtd-jrsDyLfr3X2OPAvByM0KDTIOaqDP376nIfeV9vLRwXoVXDpgV-4/lqErtVA6cpfEDXjes4Hp1m3zBg_QeTiuZ4kaOkLKcEM),Luther Dickinson.pdf (https://v5.airtableusercontent.com/v3/u/44/44/1754762400000/aWN5I_ydP6NwYI6Zco_WYg/5mqEPOkuE_XecefzmyWu1_a4hOeZYMVAFo8GvJzfYpsCkmWOBlj1ap_KZ4882vEJqqoRCNCM2PhOakxuG2qsJDbSA7TRbj2FvSXI3J32c7iW5hxECn0-si4QcwTOF12TRWlFYKeiPuRagLath1zghUV5_JB4ffTAalKdNeyWDmI/UpgVK-MMV7CsWf0Z_j8lFN9rHLDnsqDifcEXvPsiEa8),Rayfield Holloman.pdf (https://v5.airtableusercontent.com/v3/u/44/44/1754762400000/7kNZkdt_yI561_R7Tic_DQ/pbqHeCTduwl-ystAygU64w7lP6Hdns95Djtv3YY6N53vFf6l6FISAw73vz0pBWSUsYopAgCW88l9qholLVZBTi_PEEzo7t968W44fVzjAG0-bKRKAqihHYHHBxgJuxsUK8j0lzxXLAOe0FCB6DZoQo8kR96KhLvfIrREb30w00w/foCBpy87bjfnI2XVrhA5SFYxk1H4IVuc6v3rD_lhiAs)",6/11/2025,Ashley Tran,,Joy Ayodele,
6/13/2025,6/16/2025,X612,A PARTY - ARTISTS/PRIMARY,W Barcelona,$10147.84,0.000%,$10147.84,1,$10147.84,Varied Rates,,,,10%,x612 The Theau Dufosse Group,TTA - 05565556,,,TTA IATA,Air (Fly Date),,9A - Andrew Gold - 12P Sonny Moore,Yes,Yes,Yes,Yes,,,Nicola Nuzzi,,,,,,The Barcelona EDITION - The Travel Agency- Final Folio.pdf (https://v5.airtableusercontent.com/v3/u/44/44/1754762400000/Sbeuu7B7KwwHncex8vGF1w/TeBngxINPX0ysl3Y07qCxK_ml5hv9F9fvj12ubJJ-n6Q6qicZxyuA3Fh2ul_qOepWX9V3N4iDfuxAsNBW56xE8pNxxsjVKmiOLT_7V003M32ccYr_9J8zI78TgrOCY5m9ti9KtQ29H5MrCkeWEErcrqZHPLMqbxMw0K8J9TLQTxS3na9Xw9eySUbhRynxV0ehmym-uVG3ZaSrko5aDU9Dg/z06AvN03ZV5IUsi7E9JW5Yx3bsBWSXqm1NcuKjoMkK0),6/12/2025,Kyle MacKinnon,,Marlowe Teichman,
6/14/2025,6/15/2025,X624,ALL,Hilton Garden Inn Devens Common,$170.00,11.700%,$189.89,6,$1139.34,Same Rate,,,,7%,x624 The Hannah Kraker Group,TTA - 05565556,,,Hilton FastPay Need Invoice,Bus (On Tour),,,Yes,Yes,Yes,Yes,,,Jessica Bonds,Jessica.Bonds@Hilton.com,,,,,"CCAUTH.pdf (https://v5.airtableusercontent.com/v3/u/44/44/1754762400000/hEIYW2N2TqTRm0o9XmLHcw/CXoP6fsMkHjfudB3spQonQwT5YZ8NjuYhC1rNlYDrxJX1vNCl9nVzvkKj_PGGf3iIGD52mGNFB-lSXS_tuXObeOEn7O8vf7GRgE61NJE5VSRwPajTq7nPJW38zDbo5yQTAsD_5h-cysxG__cSqsKZ4P_iQuQuEIc3tQ-_Sevnj4/sQsE-VGSmeyGIlN3isWmqpbr7aqYSnRYWaTFNCS7Fn4),2.pdf (https://v5.airtableusercontent.com/v3/u/44/44/1754762400000/zZtFUPa41qWV__UqrJV-Gg/khUzJZoPveIee5Bh7L5XLo-hKkEKFAGUh_qQfuWhoiz1FZQiF0sQMJR5VVaTI4t4pObO1EvfMC0pM739HQN7V59J0vo63VAPZWaKdER_m7v5-yFY0MShi-rJ1yNM0NaFFoZ2pstVCo-Nr9UPawCkPQ/YaVph-ZOcnVWLsQLn_Hjlij1SQXoE-tOBIK4WN0O6Ow),3.pdf (https://v5.airtableusercontent.com/v3/u/44/44/1754762400000/khTX73aXSEuHQE53cwXPlg/gi_KZ-v7N38Ut-YoW8_jShoa4UeUYxWVQL1wG96QxQ8i87ir_U65QCqHzJ4e9mW-T7xJoF0Q0nFHUqKI25o-TaV25X_PR1P5sik43LxhWm2s6QxAXdND56SzbhPXvD2QDXg5Otd-e-ugtedP9di-Jg/oZugxAa97SWc10yhmF_dJ0Zeu1y8YvBjvVgdk2rKn1Y),4.pdf (https://v5.airtableusercontent.com/v3/u/44/44/1754762400000/-XD4xRwhTqVXLRJIGPxRBQ/CYYF9rxv_PhFyBVj2JxZVm3fXxvvGt_V9mUDDYAiS_yDnPITCZC0O1gFv03-jcTKlF5abwF9Y3iq7JO1ZZj61K8pyAkQh7ufHm4zR_SJ3g5DaqbYKwncv-tiqaF9KcOvPYcLbK75jti7lpssY7NEjA/CS-yZ4QSJUE4_0grZtnZsfk39j3561m52-Zv_dN2CkI),5.pdf (https://v5.airtableusercontent.com/v3/u/44/44/1754762400000/2KqSv4HtnNSA58HuDX-XsA/LbOALPGw6GYTU4FbZRqixh4q-B62y8oWTNbM71kvksDy2ZV5tQVmW4etzh4qooSuW1wC5_xDM8Z-3OBBoOI6xsANmyxDIevUv0r4BpNxi56TFoOkWOTPmLC7te-vZ2pbsSRUnUj5NRFSzeq0py28dg/uL-ARtTVQt_AD-XJ-MAGG7cbmeL9YExZIHIWEjYrZFY),""StayFolio_Hilton Garden Inn - Devens, MA_1.pdf (https://v5.airtableusercontent.com/v3/u/44/44/1754762400000/XFS1WPS5xiDTsKuug94X8A/4aSaNBHXgJbnnmqyDyw69_ywFe2Je08726yaLbgVmm_wLwyGL_HI_DCAg0RT7lA4Ch-63GBcRJwRz1-rIZrApwDpsah6aI5mEqe7CBcXxJHYx9BbChJ8PausqZLrKdbRXUMUPDVdZClJXTGfBpD_o9_XAxAtq2Mp6nrc_bM2ndnjArHxBrwMwD-aEE-7rqH5/otq9HbYDWcifRfjyou4ouTihSEM-CpXW9DNFOOsjk3I)"",1.pdf (https://v5.airtableusercontent.com/v3/u/44/44/1754762400000/cOS-InWUkPnG20ukION-xg/2vokoXXh3QIVCBkgdUAssr9nRdcsKsJkeC2DOemT0M_-u_seJvLQOiPxtXUO9y4KNHyQPSqUjAKpMiEthvOUlPsNmjL5svI4IWDmw0hZCg7Ysca3gRoBxVkhRSvJx56hFZrVFfiSzSlaZ99p9MfhEQ/DGpEfSIpVgBU4avgNWrlq37vMsLkVt33HtcP-Z6Qji0)",6/12/2025,Ashley Tran,,Joy Ayodele,
6/15/2025,6/16/2025,X624,ALL,Circle Hotel Fairfield,$149.00,15.000%,$171.35,6,$1028.10,Same Rate,,,,11%,x624 The Hannah Kraker Group,TPI - 10504292,Circle & HiHo Authorization Form.pdf (https://v5.airtableusercontent.com/v3/u/44/44/1754762400000/_t3vp-57U_CWMyI1EpJ3eg/avQg8A2GgCaGuRVjCOA3_Kx1HSpbqXxSGbzU5XTaR0IuKeJb9mrCXwiMhJ9-AZ7FfFO6gi08hgV7VwutqQjkjNzBmY-berzQDjiqorwBKLtfSmqGzyJTSa0e_J6D2GwXRVmR2dGHMGKp0gqH1FM_nhJOQboNMWudpayxt4DjEKXJAG2HWYxc4gyFqs5F1oBl/vg6pHUtVkbuhr1k4A0ZlDjYq5tRRflLjrHxA-FMz2mg),,TPI Submitted,Bus (On Tour),,,Yes,Yes,Yes,Yes,,,Rebecca Hensey,rebecca@circlehotelfairfield.com,,,,,,6/11/2025,Ashley Tran,,Joy Ayodele,
6/16/2025,6/18/2025,X564,ALL,"Virgin Hotels Chicago, 203 North Wabash Avenue, Chicago, IL 60601",$279.00,,$279.00,10,$2790.00,Same Rate,"2x UG, 2x Welcome Amenity",Yes; TM & Artist,,10%,x564 The Dan Avery Group,TTA - 05565556,,,Need Invoice,Bus (On Tour),,~11:30,Yes,Yes,Yes,Yes,,,Lauren Hess,lauren.hess@virginhotels.com,(312) 940-4800,,,,THE CHRIS DENHOLM GROUP - 6.16.25 - Final Receipt.pdf (https://v5.airtableusercontent.com/v3/u/44/44/1754762400000/wgOU4y9O2QOYWCtX8dckOQ/OJgqJKukAUshzqljBxoUhAA6i50J9IQ37k8TqOlE4JILvSzw2Bg16riB03X_tt31EfDYJUXlSDHxMjTPz5cTmDxQ62j53ucWk-I8Oha1mBhv0IxePvZFp1UnvUxDRr1Hea0eJLYiJ7Oqeju4rfte2qjIY0lEZjkHtMINVgUL7etFxFSbWJS6J0fkWlplXTiD4WEncLDDSjsXop2l-0Hi8g/ehY56xByozsQlvcWbp-p2ylwtawxujhmWeU3EFQz4bs),5/6/2025,Kyle MacKinnon,,Marlowe Teichman,
6/16/2025,6/18/2025,X634,ALL,"The Hoxton Williamsburg, 9 Wythe Ave, Brooklyn, NY 11249",$259.00,14.750%,$297.20,16,$4755.24,Varied Rates,"1xUG, 2x Welcome Amenity",Yes; TM & Artist,,10%,x634 The Charissa Hampton Group,TTA - 05565556,"Charissa Hampton Group RL.pdf (https://v5.airtableusercontent.com/v3/u/44/44/1754762400000/kQo6JPJinIhoGrpOpN26qA/BOedeeuqaJzPBdyKpzEfBRqHkk7xsUTDg8ha5H0MxzIUzmtFjeQwrIRAHUfEH9bfG3RHZoPejVg7Q9e4J3l95EMpu1mDKTUu62gNOgviXWOVEH5BcD5Uo7AAIXi6eBTgiMbqADoETQ2GhoF1tYG9RpT_PbkmUKuCNLv_I8BSzQxa3SGhtc5aU77K8I1u-eZ5/PejmKgGXeraLpQX-AbO1TJ-mRABsmI9DIezdQjdyAdY),Credit Card Payment Form -The Hoxton Williamsburg_FD prepped 2-Signed_Documents.pdf (https://v5.airtableusercontent.com/v3/u/44/44/1754762400000/E6_Gs7jSMEUj26rkiQB-yQ/pCYSnKHQo137pn0kOaUdvStRNSj_ynYoLp3UJ464xXxxV3abON-fwFaLaGD-LiHxeYseqrFv-FZHfCVbjfe7aEwwNIkkaoRnVVGWFA5le3hqOKOZeXdKZpLqaeUWf0UOsGu9QmViDKH4ZXrgNUrlSCjrTHX4uz-E4kj29-IFfYYZlIOudQ4kPqkabOdU4fYYmdHo611V8xcE3_oriEAIQZ3QxR5VgnMmeJOsnmz6Z2sc-SSeorh8odPIMQGKsmXw/EvCqnAtMtegzc8pctcnb0qAg4asJ7EASY3xeAHPiI-A),res_detail_18476299.PDF (https://v5.airtableusercontent.com/v3/u/44/44/1754762400000/CiCdo8wGJG8cHqgo3GtkzA/SGWkw_YVQqhS2yXGJzqEAB8fgCpK5b-4UjYpkA6uZ8iUugJjkGxptfFVmSoCFhYKeMJR6YsdFRq6KzfzCnIMBqiMywahQIQ_o5sxtFybfd-DLA-FrQPYV8rSzfpp4szBo5pbqPo0Xv1fPI_oJeh5WTNUU0NqNGBKN8orxBZqCWs/oaz8oEDe-hdFiHp_jsReCrDYog_kHz4OoAuokK1uGh0)",Saturday Night 399,Invoiced,Bus (On Tour),,,Yes,Yes,Yes,Yes,,,Dara Kohn,dara.kohn@thehox.com,(718) 215-7114,,,,06.19.25 Charissa Hampton Group folio zero.pdf (https://v5.airtableusercontent.com/v3/u/44/44/1754762400000/rm2TnNG4km753SAvLgISyw/xGa-45kzcFkMpX_I2eQc60RGuXaNDbo_vafiBUcf_N1Bo8SKqkcbbnaoFhZLi4zXx8aoeFr8xV6i8CR1rPMe7obSNUEiYMWpk82f49tLRNgcNfHfVpydQVMQ40dYuCxpcwLrOBxRDNPWwJ0mReQN5JhDzFosJddcZdAYuGpDA7e4iwwDPLO9-XOY3bzPaP_0/2jZ5yx8OpLYMzCDSWwBm_6CRtH86oCuTlxNFk_gafW4),6/10/2025,Kyle MacKinnon,,Joy Ayodele,
6/16/2025,6/17/2025,X624,ALL,Hampton Inn Yonkers Westchester ,$194.00,17.760%,$228.45,5,$1142.27,Same Rate,,,,10%,x624 The Hannah Kraker Group,TTA - 05565556,"x624-H-20250615-Hampton Inn Yonkers Westchester (1).pdf (https://v5.airtableusercontent.com/v3/u/44/44/1754762400000/PAJo2ieyYg_uLCkjorgEmA/K_ygca_f6L6xchDJArNiecJEsugAsZ0-XKlkGVBL-dcvUJIaM1mF_Z-jkQdvqlmIxKZhNFeR4oNdEXUJF8ZEtO9wq6cuWmQW9ZfBZqX0zF4MtY0n6LARB66s6PQYTllkdqijQkzf6T8Tm1aPtUt8TLCv7hNh6kW5c4yN5bxj3PzrwKfsNI5N3EbcXcX--_FoGJd_-KBWCZ6zZ6GVaxGYSQ/Pb1wzrpUlbOa182MzRN18ztD_7123oLqpy6eIqcz9HM),North Mississippi Allstars - June 15th -Signed_eForm.pdf (https://v5.airtableusercontent.com/v3/u/44/44/1754762400000/-GS_nwVqyAYXBNH9T0-hMg/CluL9Bf0ySy4LCF-WQAX3VaEoOHgAeT-8Wh7Fr5q0-5p1cg4-eYFrRLWHyto3dBqdJib_mXSMkqAj1sj2UbwmexpDe_CHX7W2DpEUhQ7NK7GdGz1gmpb0a7eNHluEynUXhoefR94kBua_5olgYi6PTmTQiQKXsFFPxR1IG4LOJzid_B7mzLlbEeALxObKHPbT73gNDseyIBgTwgFZOaG4A/S8UER394gDVyeIGDryrWJCXFzy_B_nn0dJcxn1SjFK8),x624-H-20250616-Hampton Inn Yonkers Westchester (1).pdf (https://v5.airtableusercontent.com/v3/u/44/44/1754762400000/vqoucQOol6AtLgwQBztY7g/h0qhnPz0grF0k10gloQqNHJ0itGgk-s-2005mmNY_KUX4yMpFteAqxWOc1CrQGMTtnsbtdu57aw6jAq1tVmwjI3GcQ7ogq0mKgegGm2dOJK3vUUOOddUHrU9p-TMsrLOMixFGoZBNvzlP7-5t_IDJDFyUyGrNgNcWQ3gXYdvzPQIzpJHZl9QjT9IblxhuA-X0Z1-U5EpPW8UJJN0NdeN5g/Hm4cFo5U1O2Jm1QXjip2e1YEkzg3WfhsxFOOJf4Ax74)","7% FP 
3% Rebate",Hilton FastPay Need Invoice,Bus (On Tour),,,Yes,Yes,Yes,Yes,,,Salina Kollar,Salina.Kollar@Hilton.com,914-963-3200 Ext 603,,,,"""WILLIAMS, JOEY.pdf (https://v5.airtableusercontent.com/v3/u/44/44/1754762400000/vDdlUO7Qx8yy2eH-X8ktmw/TO30R8GVoCvtizHFsVeh5kB620LcoBr7MBcSCXIoT2UmetP6nNrLY6E2gLjx_sXWczqAsusBhz3Et9yv_hoKYuXZgx7E8UsyRaE_6OiW49gMLWqo_Dpsl-D9VY9K_odLSqyDfq93JVjTUEbtpkNZCvGDNpd7FUaCgFtEMRfVink/b_76CqVl2M3SO1K4NfY9cno4bVTPKuvHP_PevcsrHLw)"",""Dickinson , Luther.pdf (https://v5.airtableusercontent.com/v3/u/44/44/1754762400000/_GuOI-xNsUSpr5-K4l3cSg/efNki-Nhf8QjEs1R3FRLgLqx6B_Tl8WVm-RUofo7LinKDQVMCauTdSnVQiwnuxC34r-h4GvYTddbCfSYPDMW-2-sN-LVlzL3TYFjCxB22Nm3m6TQfqEzgW9a0yektuoaMly2XrNfP8i9xmBO6ox5UuoRooaMMmAUTp_uJeES2v4/-rHrPr1wUH6EdLfSo7cYTsphsvHu58GtnqlOsYbB8NA)"",""Wilhelm, Jessica.pdf (https://v5.airtableusercontent.com/v3/u/44/44/1754762400000/FXuZ7Lnd_dae26TilVhheg/hblnUsFy7Pulw83r7hAgu-jA-Wv_tT5AOY1-j7QfHISB6g6UzXU42tXCl4zDN4pGXTkuh54QVXcQ0JTctHVjnLyYXI-8v7Hia9o43XaRCbBCekFZOzHt2cSNQhm1GrA_I0gemxI3ALoJs1W-u3K7rWXnHCoYE9IpSInDyzYn9Ew/PmBoFL0yoORUWyp3XFZNLaN0bfpLMQ8o1B-U2y-r8Oc)"",""Holloman, Rayfield.pdf (https://v5.airtableusercontent.com/v3/u/44/44/1754762400000/RLlGo8ZQKfy9_4ddGbvzKw/xF1NkOjA14Ui6AR7dmfRsG06vrkwX5WV8nNje-LUjRBWWCFv76euFn5_5vp98iOHVepZLAfmf8WRiaY6anwFG1y71s0vRPOIYi7MTJQMLFMRmFr_JlethLLyglNtvNPPq-MHDrkztAXNSVZkbO9ohYU7pjUPvQkSx2v2IP5Ew5o/ZoNfbpJNyLl4VBrmkRj177y0Vk4m6LiP7lPyQyhVTF4)"",""KEEFE, ASHLEY.pdf (https://v5.airtableusercontent.com/v3/u/44/44/1754762400000/0uClEPmKJw605JceyMN4RA/QyOjg_poG5XOAhA-gIquXha2HRJzThJ0f3is1kF6auqmfEUr_K27BE_1tkyhLdtdgWRriBsFKLrtNIArRTlZugfusJ-Qzr117gCHuVTp_9R7v0EwxtX94QGgJPZRzRWPP9jjZJcwSaNBAgGoHRAvUlIyBfQoAwgW4PSDROjTetE/z6cfwp2rfpQMPRqeD-ZzSF_2qUcQwdoNvG8wUgF0A4I)""",6/10/2025,Ashley Tran,,Joy Ayodele,
6/17/2025,6/18/2025,X624,ALL,Fairfield Inn DuBois,$159.00,11.000%,$176.49,5,$882.45,Same Rate,,,,7%,x624 The Hannah Kraker Group,TTA - 05565556,FFI Dubois CC Auth Form.pdf (https://v5.airtableusercontent.com/v3/u/44/44/1754762400000/juLXXw--u_S6Ai-S3BNOog/aG7hZfleSaTKRnoVuC9sCLw6eLggT1zfIEvtMxT_Fx0K8TQ8KSyWyJ1V2mON6mU3xZTGAotUIyqgoDwvrREf2hs1Ky5j-sxn8fvJEn_NvSopz1svCffR-EqHs3MJiaS3XNxp6G3I1K0DxZtMPf_6nX5eAXd8Yt4O_AcsJA8cKao/-FzovkuMX9sqhFET5MlgEyNbb0zy6Mib2hQvL2ueDhs),,,Bus (On Tour),,,Yes,Yes,Yes,Yes,,,Cameron Robson,crobson@shanercorp.com,(814) 278-7281,,,,scan.pdf (https://v5.airtableusercontent.com/v3/u/44/44/1754762400000/XJw7j6NvEqvS7DOEJPeCXw/07YkdrhpgMAvFfykb-WsPJoXMm2hG6YnrWol4EXU3UgbiyLu2Gg84d2YSLcAKPMlu_CiDjEmQDrpUiIGDoKv4TvCzmYw1cw5L4tV03bFtq0byRSJyuXwFMpnsDEtMv9hvRZe8AYLSPo-bcz_aUgVFg/MDC0YuR8pRd4FXEkxLumUW9Na6DvTkUcs5-ecryj1yU),6/13/2025,Ashley Tran,,Joy Ayodele,
6/18/2025,6/19/2025,X624,ALL,Hampton Inn Ashland,$149.00,13.000%,$168.37,6,$1010.22,Varied Rates,,,,10%,x624 The Hannah Kraker Group,TTA - 05565556,CCA.pdf (https://v5.airtableusercontent.com/v3/u/44/44/1754762400000/MNrF7c3gIjpKvKndmnXiWQ/8yip4t1KrbUuFppeSNPyathCthAytv1d0Vc3u-KoXrzW6VbTBtjOpKH7eDPRYUlenocAWgVg52CTKZwAkZ92CNGUKs60aBeQvzlTf-LsH705_InZ_pX66vb7cTItjNfFTV735aCW9zkD6Ak7dDefdQ/bg6xnRFbXuB1GVGiY2Jcb7QclGkYoD3ip7u_TXepLX8),,TTA IATA,Bus (On Tour),,LATE ARRIVAL,Yes,Yes,Yes,Yes,,,,,,,,,,6/15/2025,Ashley Tran,,Joy Ayodele,
6/19/2025,6/20/2025,X624,ALL,Hampton Inn Cincinnati/Uptown-University Area,$193.00,19.300%,$230.25,6,$1381.49,Same Rate,,,,7%,x624 The Hannah Kraker Group,TTA - 05565556,North Mississippi Allstars.doc (https://v5.airtableusercontent.com/v3/u/44/44/1754762400000/q2PtqCbrNilN35fjsfQ3HA/qYDwp0ZNN9kN4fbEzKFzFh5541sXlmIASpmZMY3x89JbrJskYkd58KcGg8CTiCuP79E8h1IqICxkQd1Ux-cRtDoyFGQ7LDFog3GTC3Gpvc-z9mHAYZD2dLcXIm89ir3LbD03qISTJua-mOlSmFxDkj5Z4WTBLgBspeCnUuxz51iMHYw8uWcvlxhQAM2xBKv7/Sb22NBKt5L2QBpx79rRGodV-O8odP01kd5XuyNOLysw),"7% FP 
3% Rebate",Hilton FastPay Need Invoice,Bus (On Tour),,,Yes,Yes,Yes,Yes,,,Mari Lyle,mari.hamptoncvg@gmail.com,,,,,,6/11/2025,Ashley Tran,,Joy Ayodele,
6/20/2025,6/21/2025,X564,ALL,Hilton Garden Inn Hays,$245.00,18.300%,$289.84,9,$2608.52,Same Rate,WiFi,N/A,,7%,x564 The Dan Avery Group,TTA - 05565556,"x564 The Dan Avery Group_Rooms Only Agreement - 05-13-2025.pdf (https://v5.airtableusercontent.com/v3/u/44/44/1754762400000/PplwDm9SRLYWxy4m2-QAHw/1QZnpvD6G1CUlTT1rPPo9psjuNggNd09lCNQuJlJfhY_LJN_Unf7dmnK8W5FMFwGgFZEZfWPiuvKo0QZK7tgsHR1RoRpy5Tupw8X_Aa3zqfpJYpNvJT-rdrZVbSfVEy5zx7VeXLfD5UKCV5X3E8YwGGyJ7Lqc4W4O1dnDb6Ap3HoGZ5e6GzmF55tcxU8mT3-fcExn9D-V3Q9tb4iE3m9wg/Tnlyiq9zBstULhmCn7YsOLq9XtbufUTSEXtfpZjWVhE),x564 Dan Avery Group.pdf (https://v5.airtableusercontent.com/v3/u/44/44/1754762400000/A7oDmTSlYGx2NuN1QZX4Rw/TEHG8VUBS8qsJ1kWDtp47z6qWk4D7hatGP9_qRtrw1T6myuYz-uW8As9jmc2CRHCqLnDMIrkpROMUcER92C-rtnVY8GBq67d9AmZiO3fMvf4ctyVXg7kUtAPUDzynbcy_Bs_PD0qZ4X7FIod5BXPbcY5cBgiHwvzKI8WBrgT1Bs/2rYs0D6DMFl8rNdfTUiU3dg565V9LT0QyMIs5WXt5zs),CCA.pdf (https://v5.airtableusercontent.com/v3/u/44/44/1754762400000/Cljox1Jo4wpkwlOzMbN63A/Y1G3SaHeJQAyyXv0gEf6jbpNwIbv87bCQtD2UY9qCZZr6zL75GeAETWqvKXOtszJLWBdXQA3GaCko9OcGm1GbnhVu0LaoV-Lb1wjUt3rvKjvE2r4NKHG10qR9woUme7H_CvWW-pCRs5YyxOn_b-KJw/WjHXIkIroLjYLGxo9sYZgPgJVppmf0U8d1U9olzy4mw)",,Invoiced,Bus (On Tour),,~11:30,Yes,Yes,Yes,Yes,,,Lisa Raub,hgidoshays@corehgp.com,(785) 639-6355,,,,,5/17/2025,Kyle MacKinnon,,Marlowe Teichman,
6/20/2025,6/21/2025,X624,ALL,Fountainview Inn ,$220.83,17.000%,$258.37,6,$1550.23,Varied Rates,,,,0%,x624 The Hannah Kraker Group,TTA - 05565556,"cc auth form.pdf (https://v5.airtableusercontent.com/v3/u/44/44/1754762400000/MaO6o_UGF7Z7LnsikyGZjg/7MUMqAi3SdZJGDqnKNRSUOPZY0akq6Q-GBaQ11OVgeqCewgPxX94Mo7BE--WqGZxqBMhEmPzLpAuA2uG-XC_AQiQIxHmeY2-MLXtTDQZYM92K4qvK8ZcV1sVXRGLsSWgg0SI1FEDxUhzmhY60A0DucSyma2r_kdHimISYnhFWBc/jYcwUk7u1viNEd5eeiCgMLeNXxycc6lb7wfIIp6LGKM),MAP & DIRECTIONS PAGE - 2023.pdf (https://v5.airtableusercontent.com/v3/u/44/44/1754762400000/4JQ8od5OfVUHei3e_r2ALQ/TpQFMNa54ssre9N4ftU82vtrAauIQHGZdkNz6ZuTyWEFTDXbx2mEHdm-ztRO2VAkGBcwV5TOfoUkKPgWrZWYClNi0r6qsTjkiTcaYjVlAjubB2wCPfPRbHiwj67jBcGkww2xDcffgyVlVcRE2wWfwlu6TZJ15GEla-H9W9Q1zN4Zw3mn1tDe39xvw0SNzsL9/wMtHZOb9efO8yQxhzcrixfgSNxWN1ZaRaQCepHLlRFs)",,,Bus (On Tour),,,Yes,Yes,Yes,Yes,,,Suzanne,suzanne@fountainsquareindy.com,(317) 686-6018,,,,,6/12/2025,Ashley Tran,,Joy Ayodele,
6/20/2025,6/22/2025,X544,C PARTY - CREW,Hotel Indigo Paris – Opera										,$660.00,0.000%,$660.00,6,$3960.00,Same Rate,,,,10%,x544 The Josh Penner Group,TTA - 05565556,,,TTA IATA,Air (Fly Date),,1x @ 7:30A & 2x @ 9:30A,Yes,Yes,Yes,Yes,,,,,,,,,,6/15/2025,Kyle MacKinnon,,Marlowe Teichman,
6/21/2025,6/22/2025,X624,ALL,Hyatt Place Chicago/O'Hare Airport										,$179.00,14.000%,$204.06,3,$612.18,Same Rate,,,,10%,x624 The Hannah Kraker Group,TTA - 05565556,Hyatt Place Chicago-O'Hare Credit Card Authorization Form.-Signed_Documents.pdf (https://v5.airtableusercontent.com/v3/u/44/44/1754762400000/NZJ9K0YlL4zabEG_7oufog/DWxi9AZIG-HtgoEaHEBqruluZgCktzosj6Qqx8VssWtFb9EsOWX0HeOEk2E_vvpjvUQRfkUynG54NOvhBU5EKVmYyAVjf8fqZQyLB6qFRmdxbpOQhmRdH3bXa5BhAfkVpTTFx54n6FZMpEcS_4iDN1AkmHrKR-JcGSXrTYnqPeyUECYP2ZlQXBratATy7UyYorKm48x6lqjq1u7FH4CPScO-jsN8nFMJzSE2TDbB5Xw/o-3L6xagbKzqiY7cmpFy8iKD8JdgApBYPxpRYPEtpsY),,TTA IATA,Bus (On Tour),,Late Arrival,Yes,Yes,Yes,Yes,,,,,,,,,,6/12/2025,Ashley Tran,,Joy Ayodele,
6/21/2025,6/22/2025,X528,ALL,Ibis Styles Nantes Centre Place Graslin,$100.00,115.000%,$215.00,14,$3010.00,Same Rate,,,,8%,x528 The Aleksandar B Group,TTA - 05565556,"x528-Agr.pdf (https://v5.airtableusercontent.com/v3/u/44/44/1754762400000/_Rbs8XhCHPelcKkjttB5yg/N7xoPSqvl1Pyuqh2Um7Y1f78bEWlaBVmfwjZ__E7aj1fHEzkwDL5wAeI7on6CQN2JRVNaK5yYX2w80J-zlvbKSDaWptfXZtjAK02F04nbSthgL6Qqw-8kuukRrTBtn0dkjRAtIwZzcCfIl5SngpUY3n-4ZuldlSiK8K4v6ZFv-w/R9Drq4XQR8QGt5K-N1wsOxCb6fOcD_LR3O_b0bGZuyc),x528-21JUN.pdf (https://v5.airtableusercontent.com/v3/u/44/44/1754762400000/Kl31KZ9fZctFBaMuFybK4Q/wkfqvOztoch_rmavYOHZ-7_W3sj_q3kv92VtGZi8GKkvlVu_KhJumAeQCr4eBJ_DEWC5nkTrsChMKa8FlkYJuRU_lzxvrhgqrnjyfE-H-8fjVpSZsineagBT2Kxr31wfF6bC-QHQxTmSysFFC_a4xZTHX5XUKh2V_HijZ-_5BEU/-UMrJWwJChuXeV0PSzgJfZeDcBYtG7qrwk63WHSHhKU),x528-TC.pdf (https://v5.airtableusercontent.com/v3/u/44/44/1754762400000/_TJQKfrQ4KqFKBj8xgSCvg/nlg46PH8u0ZT2i3d-psnXylXykKPASgZ3Nq3f3QWABR-i4T1mEtHII3VB9hl-1zsDQ7M8dSl9167zSekHuhpNg9XFvg1fgrmWPfWpG0XsLOFrIO-Wkj5Y3GmbgM4mNiEnvfp3tyrauvAIE9uJY2lo_ChDIEBkjHOPgpvPuPpfLY/E4DrTRGEA3AZC3tWTrrBJ13KSkuoMl48MqFpONQbl-Q)",Group Confirmation - 172035,,Bus (On Tour),,~12:00 PM,Yes,Yes,Yes,Yes,,,Alizée Lesers,H8464-GM@accor.com,'+33 (0)2 40 48 79 76,Laura - Reception,H8464@accor.com,'+33 (0)2 40 48 79 76,,6/20/2025,Kyle MacKinnon,,Marlowe Teichman,
6/22/2025,6/23/2025,X564,ALL,Hilton Salt Lake City Center,$149.00,,$149.00,9,$1341.00,Same Rate,"2x UG, 2x Welcome Amenity",Yes; TM & Artist,,10%,x564 The Dan Avery Group,TTA - 05565556,"x564-H-20250622-Hilton Salt Lake City Center_Contract.pdf (https://v5.airtableusercontent.com/v3/u/44/44/1754762400000/_8WuMqYqovvNWMTk8SrgXw/wCbVkpQCCTz-STHtAJ1dl90Ug2eobLS5jd9BW4Vxkrfjwu33x-apclfaGzMvtSHojJ5GqtmXlmMHxTJtNZK9-fhynAeUjYhUpIwpJNqcn9KicZOh8KzfBo3SA83Ln0M5jnr2kx_NMXSo13sbxSLbjodpTSjGQf5B0wjIFID4KLMyudJIepv0-Oej0KmO7QEkQDAWiBTKdzYC1w59AaYF5g/m2aJTnQPwVsuFuF9He9rwOKnAfJF7ikhlvLwS7C5mPI),receipt.aspx.pdf (https://v5.airtableusercontent.com/v3/u/44/44/1754762400000/JOU6-GDyLDO-EMf4-rH3Mg/cNtyHJlgeGzQb7oYXmXEqG7Nkg3lLBBq6SycOhZt5EP48uyJDd39nJYokDw0sNv1IYytxLqlntEbvcYVxFN1C5V-8qV_gvTxUaFoZS1vNdk8G02mv0ykrXhbR0LI3lFKf-xcUpbGLA6UCbS0gr1AofDW_n5-gQObovi-Hx0BjFY/xF1eLF8pEl4PVVfP6uaOyKjAJPuxdN1OmchuP_KFhjE),Rooming List 5.22.25.pdf (https://v5.airtableusercontent.com/v3/u/44/44/1754762400000/vWQb2uCrgo7bm9-2rmN1Jg/4yJR-s0HFyunN-R9oiZW3TqmZBYZ6km0DtaXUZQxt9xN1Zn1p_4lpCfE0i9sEcD0RXNO_3X7CmgtH8mxWYPXFlV1K0RW9AvHuHzYqUMZC-CuPnCt5eV_OX_bpCKHm6OAerYVke8RPJnbBqkjL8lh-piDeqETfw5ajC-U861kEkY/R_0UHxpYp0uJ1oMqAmCpZomlu-8DbWI8PnI1UeADxJ4)",,Need Invoice,Bus (On Tour),,~11:30,Yes,Yes,Yes,Yes,,,Richard Abbott,Richard.Abbott2@Hilton.com,(801) 238-4812,Alyssa Bell,Alyssa.bell@hilton.com,801 238 4811,,5/7/2025,Kyle MacKinnon,,Marlowe Teichman,
6/23/2025,6/24/2025,X528,ALL,B&B Hotel Wiesbaden-HBF,$108.53,,$108.53,14,$1519.42,Same Rate,,,,10%,x528 The Aleksandar Boyadzhiev Group,TPI - 10504292,,,TPI Submitted,Bus (On Tour),,,Yes,Yes,Yes,Yes,,,,,,,,,,6/20/2025,Kyle MacKinnon,,Marlowe Teichman,
6/24/2025,6/25/2025,X564,ALL,Coast Seattle Hotel Downtown APA,$229.00,18.000%,$270.22,10,$2702.20,Same Rate,,,,10%,x564 The Dan Avery Group,TTA - 05565556,"Credit Card Authorization Form - Coast Seattle.pdf (https://v5.airtableusercontent.com/v3/u/44/44/1754762400000/w3yTGxYoWjnfPYPPxYy87Q/cTuQ3W8bEoykLi-K9KJwpZ84E1FrTts9bA5YRsAgsVjMOX4zSoNiQpihQ6A8393MVBaLDDGOglWGKMVPTKYjh2xCltNVQlu3eh0k_kBiVn7Iiwm1ViMo0prkMdUi562jtuQbcfVb7tPXrQvK8aGm39rd5G5I_LyIahIUBsRF9JW0jit0qs16eF_MYMoqI3NkcrxTScmMLpD8pzBNCrLbuw/IJsbuW0s5dLwCC-ZsOx5QjEvRtCJwKDoMXwBvCqDG5w),The Dan Avery Group Room Block.pdf (https://v5.airtableusercontent.com/v3/u/44/44/1754762400000/X2UZQGpc-4-ms8V_R5-K7Q/XS_iv4oN2rfFW8nQ2KjSP4jwFKLYk8oi6dnz7FkE9qFgh3LCx2ahs42KvlyMD7HN2Uk4wOCOJbSMbCPHnGoynT1QYDCJv68fnfYwhJTGGV4nJqmacBROIMW39pIoFTuOim8QTgw9UC-mU7tSTz3jnB-_b9XxmHv-71lyzPJPOg6_VHO1VmZTq52BWTiWVU3W/dophQcZrwx1HsCG_cwFYFK_3A4DfX5gLc4FzM2SwS1s),The Dan Avery Group Folio.pdf (https://v5.airtableusercontent.com/v3/u/44/44/1754762400000/dwP2p7X5YCeUrocoKLnx1g/Vqsj9KsmZeZ_ue0_axXo-KpranpTTzAQiou1kGcz_2GRZ9FTkGZ1QFCxihgHNjhnidu3CHkD2c9uL27vYNI7B4esc0DYOwYCqs_Ug--howraXO6Py_KpN1lpsd7ZVCZANRLMc6cLpMwvSbquoSkSnr-o71C9nnsjefxqnQF7LXM/23vCEcPL357PSauHZZv_h5P0dchenPN5eqDAKyhBgTY),The Dan Avery Group Room Invoice.pdf (https://v5.airtableusercontent.com/v3/u/44/44/1754762400000/TojEVc3itba02BZKjYab8w/jzJl3_2Erw2QTZ5fM10f6jbEwRCubxzmKaREwJoe1hS9lgaMIoGIL3cj0HBRXn_eG-M-JqsyiEvuHFl8pmvgFORfR1Unm2JcSeZfgnIKT2Ym28RYoWne2kXERVD0Tcuds7Cvp8zKQrB2ba6O3Hm69W-Wgkd7bhhvEvVwbbxLTb_ImERsBhMIVE07FPYy5Fx9/lA_tetFYPJbdaqEI5GDnddfFRM65DKeWgs3JYGRALRM),The Dan Avery Group Rooming List.pdf (https://v5.airtableusercontent.com/v3/u/44/44/1754762400000/n7h5pqV3_1FtzvyTrASNfg/qT4pNefIFvuIXc6thHAg7taIyccNju-l-yxDw91e4LMGNHYhuyTMxTxQhEAyAOBIVxcOwC61qmsLdfrOW2pYyfOaI5RCROoLj3JY5yAoDjX4orutQoK3IoMjkkqbQY1ctjfzx3nFZDU9bc54QdmGXjabFf6e77jto8dTshW_eJlerxSsHwJsEgFwW1iXT-_t/iKyG37BlbZOqLEWCIrKErdiPedS-hOWgou2hgmi_D_Y),The_Dan_Avery_Group_Room_Block.pdf (https://v5.airtableusercontent.com/v3/u/44/44/1754762400000/8e98YrPwx0QuhCBLm6mW8w/9m5kmibU-oMJRYt12IGY86eytQARPnLnl7pXLbAQmfWqRVYGs_hzRncI4lL9OsSG1a4_i7WxfeJf6wUqJpxRnzjszdsdUU3lgV3HZ6gyCJJvS9WnyXdRMtj1BbrEp6hpfuILGZf75CbYWB-N76DPxUqI7wq5WUEEc8L7hY93SFYmO6l0TlXFY14r-iWFPRnG/YgQCnYFGq7pWV6aMVXml6jV0TY4ynl8rb_T1WmVG2jU)",,Invoiced,Bus (On Tour),,~11:30,Yes,Yes,Yes,Yes,,,Samantha Burklow,s.burklow@coasthotels.com,(206) 695-6035,,,,The Dan Avery Group Final Folio.pdf (https://v5.airtableusercontent.com/v3/u/44/44/1754762400000/-V31UoaR9BSXBAYVfmg4Xw/ZP7p2C-g-LCW3VsXIRbDjTuK_mXQRn62wj2kmklMLY9fnXicLJexSa1R5Kf_J3e70ulL2Et0DjgEiDr_HEwYkCm4EnohTeu46awAfBV80SfBE4JgIzkchVqOWDT0quLmlZOorWwzysKZN4p3_2oC6qklt1zb5MUpYRxSaArBovKWFIjl_mbaNSZV8hjf7rEc/EvhXKrf5wp5nNv4hj3NVxreT_E30P0-rzDw53kROKxQ),5/6/2025,Kyle MacKinnon,,Marlowe Teichman,
6/27/2025,6/28/2025,X564,ALL,Hampton Inn Portland Airport Hotel,$189.00,16.000%,$219.24,8,$1753.92,Same Rate,NA,NA,,7%,x564 The Dan Avery Group,TTA - 05565556,"x564-H-20250627-Hampton Inn Portland Airport_Contract.pdf (https://v5.airtableusercontent.com/v3/u/44/44/1754762400000/DCNtkZb3ZhIwucA-GfGl8g/KgflyWl5WRIiOnLF8ilTNopCoriidZXbR42l2rppB5HqTmYhTe2rci7nT41n9f3Fa2FDb_keh2nNfnmNLlgN2kdQMPitQPYjo0qOG9C1ilzo2tTVthqie5z07uQgVG0GIbFvvo14QMVAcq67dWFvpy_yc78fBPVIfcEpvA2eUXgW8jLupbBQuwCnS94arlhb1qaIPGWK_iBQENdAc0SUxg/ezP2xykt9bcg1cR3hlVwhXVjRc0UB3Z3YSolxF23OGU),The Dan Avery Group 8.2025 SIGNED - Hampton Inn.pdf (https://v5.airtableusercontent.com/v3/u/44/44/1754762400000/24brLvBt-UWDM3WJ3mFbFw/sqL4cL_Z0bsV77IzJ8Dwt5FsCY21EEMhBXC4IQYlUcaW73NysTHhif96m7dYSsdheFTSMrwmKWdgJe_-JjJ-R-60tAxtSwgzlm9GMTPsohRza_FhukuIyj3WKFDVLSAoEGJNP00EMBlxa25l_A7abnuObPGTRCeedva1GDalHv9mQl4edBGBm2HktDa7Xit9GoA_WwmhumN6wZePGmeBvA/WO7cRom0lGrs1imNsyQ-JS5tzABRkRrBZnsmwa7_RGA),Dan Avery Group 06.24.25 confirmation list - Hampton Inn.pdf (https://v5.airtableusercontent.com/v3/u/44/44/1754762400000/-KcSZjKnbWLdfgrIvaAjMA/xDYFIepYLkswW7XTkPWl_15YnZXiLa5TYGRNAvKOake9QG_u5Tg0q8R3M2D2qbixndMl-rTSuGCGVEY1yax4SUbsc4nvTOzZY73xMREW5lh_-CsBgEcrkwozmxXtsB6PSp7XhDvYB6ixkDEecpOtl1JUPAuS39TyGuyFIurxA8sLWsIBZj4PsrVnfLYHfMU_ffwMQ8K4KKwUZkazjrxf4A/hIiNMV_krDzi5rZycH4Wqz0anlLo2KspYaE3a2DN-Z8)",,Hilton FastPay Need Invoice,Bus (On Tour),,TBD,Yes,Yes,Yes,Yes,,,Tracee Gurney Johnson,tjohnson@pollinhotels.com,(503) 335-2868,,,,,5/7/2025,Kyle MacKinnon,,Marlowe Teichman,
7/3/2025,7/6/2025,X634,ALL,Kimpton Hotel Fontenot,$262.00,16.750%,$305.89,3,$917.66,Same Rate,"2xUG, 2x Welcome Amenity",Yes; TM & Artist,,12%,x634 The Charissa Hampton Group,TTA - 05565556,"Kimpton Fontenot - CC Auth Form.pdf (https://v5.airtableusercontent.com/v3/u/44/44/1754762400000/HBkFkg-9e5V4TQPMjv4H6w/odBvlWJUgyGyP-vnvf0ZIoh1K8k6rfNfw93-ps77ssDBciK5CktuZQith7keKKA5Z8XqtHZzN2RwfonbHug9DJ2SexYK-67vCOffxli_mgx1zbumrtIFRwIGK1nxEptgLz0eqKC7r5FTzBPjHXDaqgvbNKHBvuBm_sPDkjUee5mmLb0lzFAXPngn04MkbUhx/J5KGfJqLNW1Hz2yaBR8yA85xZmLqkStGxHlDzDs6nL8),The Charissa Hampton Group - Courtesy Agreement.pdf (https://v5.airtableusercontent.com/v3/u/44/44/1754762400000/q0a2SfwuNkE8vbttk6Qxgg/IF5m3z44lbt5A5i8-bP-e9gc0ycBbNaU1b3jlofkEF2bVjdpUawWirIkuWfTMzMn7Sc8KeE8ygL-meYOxYez9JLDvE_xL0XiykC1pwisrtTx6kIRtDQZxeLKy4jlSgoq19Y9oEaddoiL7e0Vw5oVHfCztAR93l_MbTfwtafN3LM3dieAJSknne0cL9wHGwoX2xEjhZE8ZwUMT9bpWeiW0A/MWgXj6w_yBPxsEvksviLGO7Z52fv1-4WaTZpGweO3sM),Charissa Hampton RL 06.05.25.pdf (https://v5.airtableusercontent.com/v3/u/44/44/1754762400000/01we4DzO5m-axsp873GCpw/mepOOIKoiinUmsD5uL6JVNai2GDb7U0rVJxaGL7E2ad8hgA63mS4swYj5K_YCim47fnZWe8BqsQWYI59cZO7vzVVfgDvA-eYH3N8pugWClGzRAc5hQTjfJ7vcJTARjEwBTufQ0i_LXsJwUqg0edBuN7s_OQBEB8mJ0PNnsxIywUIUlH3hm4espjQJ8fN10k3/urvBUZV1R7K47eRf44Fp7lKWnE0EwXaA_yUS4XU6YIs)",,Invoiced,Air (Fly Date),,,Yes,Yes,Yes,Yes,,,Jacie Barthelemy,Jacie.Barthelemy@hotelfontenot.com,(504) 324-3063,,,,"Sabrina Thomas.pdf (https://v5.airtableusercontent.com/v3/u/44/44/1754762400000/XoBiQaKLKVswJ-pph1tLBw/_3NzXyR-CLyTLbXgW3P8zrCpCod6PbuIh0k4JgbVDSVU2c7vkBSbO4cDsPLEEr4tUPU2IQgLFPLpqfC4CbGl53whLNua37mWSfGn4LVdXbRrZ4uL3crLc5n3Qa3uu7kU7uXnLt_6Va4R7Tb6Qi9WW90vj_HB4hgTLQ2M64WfeXw/n0DH6V9micGrrwbMNoOwqcnwX6yyuqCGDDJP5A-yx7I),The Charissa Hampton Group Invoice.pdf (https://v5.airtableusercontent.com/v3/u/44/44/1754762400000/VjsHvWzIQRVHf4tjFvXTXw/Hh8HYbKtPICcLtAB625OkDoorvUtBe1Noczo34H1u2uE-jKA6groz3RXeKBLF-WsgcaGz416yy5SYZLfg82d39i4nbmbjIl5jUPICSFxzQbGmczdLP4xBE-l1Bb3Ojsd05m3NlSLdJA-EiiZe1JNgxZUXFF7h3fSPHjFI2xugc3r89Tj4VNLafutZrdQfqg8/7Pi-J4cAnSfkU1tZ8CIWT58MzYnFTXLaKeENcmPGEVQ),Jaron Regan.pdf (https://v5.airtableusercontent.com/v3/u/44/44/1754762400000/djp24ZEX2xoCbKpVPlqpgg/PwYZYsAK3UiUMKmK5o-hME0AAniUhmiKYZmwLHmdWrGD9np73569obvcgsFHIn3CDRq3QkWzS2AHEEuQI4B58chaQTFv9PFTR0nOn9nf33ARxj-z_BHA97lPHB31knQKvCDXNbXPtVN46agXohClc-FvxfeDfF1xB1lxHRwmx6U/Tzbya81K3fHvGvrHhE6ViHLmVurxJxGCChjQnq29bbM),Arthur Guedes.pdf (https://v5.airtableusercontent.com/v3/u/44/44/1754762400000/tyRZxpw62pN-1tm3JVfKuQ/RQ7SaZIBf99cz45yPaDVSLU-3O9pYLyLLlFwfWWEGsppkJof_K3EMMw4T5U9Aqn0HSdk54Vs6Q7cgt5qgfvBkrkABIJKgR4X9xrOI3vTaANmiNmLp0vQI5G4lGZ8zHrYg4YCloYAmXbHvnJ_m4XnH_ko5wdCQIAiVD_EvGjYE1k/e3bbMQpOg3pAJ8gxTSuy-wNXFhyCq75WsIZdNIb7FOo),George Thomas.pdf (https://v5.airtableusercontent.com/v3/u/44/44/1754762400000/Co3hRNUattvFZMm6DIo8wA/iqtTUKeDjNdwbuAVhuZNkPgc-jEFHar07c7NoeAwAMB-VBCRo6Mu9hn0hNJmg9Rg0SotPEhmzVrmhHqDUws8OZfOilpTelBAu9NESUOkHP_nhB99zW5BsVMRCWfN7CdQ56pDRFa14V5h_ABueSD7jyBsRr0-dPLRslUfstCF0QU/an3nVEtiJQg8ckxq5hmc7Jwfv0mKFfTKtkkmE0CqAAM),Andrew Barnes.pdf (https://v5.airtableusercontent.com/v3/u/44/44/1754762400000/4GryBoip_6ubNSGanOMmsw/BYQfsvqWgtunjBtlbEzq4YGTjm32jBCgHsU-oWUyLr3eMTys8UtEPombysfwMqDQUiVSjd1BCYa5SSttsmSl23f67xgI5RqMSxaKPMk1plI9xE6v9_Mo-gl9SpaLdC1ZMv3XvuxrtxtAnJ1REOJbRz_rmB2_HGiKYlSd1FUCvV4/s8EFkdQ1O3T3zRLgVzdG05qnYQquRlQSClOMMnBoBAo),Qutintin Gulledge.pdf (https://v5.airtableusercontent.com/v3/u/44/44/1754762400000/4e2hrywbkkbSaxVbdi8HcQ/9Hg4YWXikNe0aD_G7rjp3_p1lRH5KnIECAWX04ZqU8AEVg-KnZYE59d-HdGvZ6zyhn2hXnIxaLautwB_WO-OpQPtvvBrOo-9rsIYNOqUs1S4MSwk7KaMbln_KYfMRo-1WCdgRMM8rm8aaTO54U1bHGRFxSegLlOXkDC2vr0LdiE/xHyoTENHftMloHMBUA4yM0jRDXuy1L4GfEgYIKXcAiQ)",6/4/2025,Kyle MacKinnon,,Joy Ayodele,
7/3/2025,7/5/2025,X542,C PARTY - CREW,NH Collection Salzburg City,$1040.44,,$1040.44,2,$2080.88,Same Rate,,,,10%,,TTA - 05565556,,0152501744,,,,,Yes,Yes,Yes,Yes,,,,,,,,,,6/6/2025,Kyle MacKinnon,,Marlowe Teichman,
7/3/2025,7/4/2025,X528,ALL,Stay at Comfort Hotel Copenhagen Airport,$200.11,,$200.11,13,$2601.43,Varied Rates,,,,10%,x528 The Ben Adams Group,TPI - 10504292,,,TPI Submitted,Bus (On Tour),,,Yes,Yes,Yes,Yes,,,,,,,,,,7/1/2025,Kyle MacKinnon,,Marlowe Teichman,
7/4/2025,7/14/2025,X528,ALL,Los Angeles Marriott Burbank Airport,$249.00,,$249.00,26,$6474.00,Same Rate,4x Bottled Waters Daily,,,10%,x528 The Ben Adams Group,TTA - 05565556,"THTB Knocked Loose Band Room Block Burbank Jul2025  07042025.pdf (https://v5.airtableusercontent.com/v3/u/44/44/1754762400000/L_k8AD0Z3y-xFpgKJmDF6w/MepljxHdnii9SOlmqhQ1zseD7SPDtQLXsXU6uvevV1f4Twrp92MWrUZEuskhlczHYk-Yi41T189PxP1FqJxZ75FlE5av4ElPSRIYCcnhPB4_GVlaOMFoJO7xgy1ve8n1e3PM09keE4h98jzd-IJWvikXBpXs0xlVXpsVBHZw_penxt9ZdKvy1E7g6LekKJiejBGwegg21mseJyK6k0spJQ/QissFdkKwE9aWI4gUJm6UmxngiRmDl1Oa4sqomCLqnk),THTB Knocked Loose Confirmation List as of 06.07.25.xls (https://v5.airtableusercontent.com/v3/u/44/44/1754762400000/ClwLy_-u5bMjPm16URV9Eg/kAjd-Y_QmcVAXqoEO6X_Lu_026_zG2YJCupFh6M4AsK65WrrxFwugARALeCkxlbO8BtF6t2p-YUv3H4t1zproyS8MpHGXj57p0IaW27jDh0F18uS-NUt6b7zPNihSfavh4fwYJ45rtX6Hy280r7G3xlXgYjLYBStabJ1LxzmxpZ5g8T9jQfePZIMcfVXUL4QDlqQXMijYZcSgXCD2_wfcw/fjG0f4L2KjUJk6z9AbR9i_w8m-nJQ96mmGO4kNP0loQ)",,TTA IATA,Air (Fly Date),,,Yes,Yes,Yes,Yes,,,Yoshimi Satoh,ysatoh@burbankmarriott.com,(818) 840-6411,,,,,6/27/2025,Kyle MacKinnon,,Marlowe Teichman,
7/7/2025,7/9/2025,X542,C PARTY - CREW,"Delta Hotels by Marriott Calgary Downtown, 209 4th Ave SE, Calgary, AB T2G 0C6",$769.00,15.000%,$884.35,3,$2653.05,Same Rate,1x UG to Corner Room & 1x Welcome Amty,Yes; PM,,10%,THTB x542 The Josh Penner Group Room Block | M-V0Z4QIQ,TTA - 05565556,"07072025_LOITHTBx542TheJoshPennerGroupRoomBlock.pdf (https://v5.airtableusercontent.com/v3/u/44/44/1754762400000/iI_t-RsJ6OmKwhwUWPea5g/CHz2pktcInTP2EJYWos7bTqQZTZ4lqlfaR_FoKIUjmSsB_jPNxOwRbgxWD70DoezXZr0zRKD0yzgQbDbtLJ4DZSvdo--UCCKvbn_M8iLAfw41l70mn-qX1-FdAcD4kSvRmTT0c9PP2c-hFX2pyXetv5-c8cmno9NJZY4bicDrDWjY21oARCMD-BKqwQeJUYltT_lVWqz6UE64gNuxj-Awg/xuuD-d32gZWKMRDy6g-zPRrAk9afG6o7IIM8OZcpj4c),07072025_SLOITHTBx542TheJoshPennerGroupRoomBlock.pdf (https://v5.airtableusercontent.com/v3/u/44/44/1754762400000/W27QSb7lZpn-bAvAo2Ud5g/ykvvZMFkXxThPK7Ndp2c2Z5sQd0oUdKo85yO1zTzqpdLQRQ1FfIIaGY-nxExdSgaA4ncuEL5I31brn7zhC4y1KQ1k60ULOCHkuFRjeggW7adscyxftQA7vMUKQptgTZ14qTOb9b_nYFkarj5SmT4rPxRaz4rcHP5uyRdNqezS_lCeE4bzz7tVcGKQXV2HZoP8e--Mpi8v85sgWQphnBaGQ/uxnXHILlVtYcDwivo0v_m9BzAoVMaNhziZGCemxH6RU),Josh Penner Group Block JPG_20250707.xls (https://v5.airtableusercontent.com/v3/u/44/44/1754762400000/Jy_UNxGEDuCmmTHK2iG1IA/C36IHwrkwGk60nQf574L9JdeCg2yWAkukEQUquS8pSKfHnxMR3YuiPH6wqz8QYRYCAvlCnILWFqDxt4QIr1aH5hYUG3I83NsacdMME8VZ0SExoRGVLPgJIvKPsRfuYaCBqg2yUPrY32TfAJFOAmyX_Sv2ElKvFfJUM7ckX79kRNnl3mCt-_g5BF1qhrVNe0Y/YRUEHFDxcQc1b-KsdcQwOMbDVVzbta-Qm8dFWOKj5RA)",,TTA IATA,Air (Fly Date),,15:00,Yes,Yes,Yes,Yes,,,Rana Hayashi,Rana.Hayashi@deltahotels.com,(403) 205-5410,,,,Guestrooms Breakdown.pdf (https://v5.airtableusercontent.com/v3/u/44/44/1754762400000/sPh-lmfbQBAJZLTms4R7Cg/wXBWEjMMKwWA39YMgjI3uW0ZhAzsq-Cuz8rtbYcmokvw-Va57NOnu77qkiM37qUdMl0uJq_PguaZeyOwkj3A68BZFiRlAglP6zN7_R_diTTBJjZOfOKKh_IlFpag_sJp8OWvDg4RH6Z85VNujn6lOw8_M3zrrM0qsfvfvychouc/a2XirsaEhPeaPVkunEfE1vynnnNSmQ8IFlgXzzq5yPI),5/2/2025,Kyle MacKinnon,,Marlowe Teichman,
7/9/2025,7/14/2025,X532,ALL,"The Hoxton, Downtown LA",$149.00,,$149.00,52,$7748.00,Same Rate,NA,NA,,10%,x532 The Alexander Dow Group - GTA,TTA - 05565556,"7.10 The Alexander Dow Group RL (x597).PDF (https://v5.airtableusercontent.com/v3/u/44/44/1754762400000/FRuvGk6I-W5siCKePz9szw/EmieCfSx2vPvziWEjsIa0BUuEAuVAuKZs3nh-o0g-DpdzvkbxYY6voMXrtayvMFePeSeXBg5IJYLDaajdcGNUpKyc0aUoNEZ-ZgbjeyRHS2bGcjQaiOMgKfU0_bN6fws0dQQfhXGs4wmbyfYxsSTCjr7Cz0iobNulRNmvWXOyEqwBJNcihIy6pmCRxb0YZzR/j8eA72rtNAAmmQMjjorHKb3mv7lzx0dfRVh_yyVcWnQ),7.10 The Alexander Dow Group RL (x580).PDF (https://v5.airtableusercontent.com/v3/u/44/44/1754762400000/VecYYX8AJ3EnjaVNYg3Yeg/jVIfRuB416YPI0bOypbKJ9KvFkPUGZQvRthPrQoPYz49WSUxodDdt2Weddu4Js4ZycyoQImM61fgLQVcizcX2CZ-fcIviGNtqC06EgAsa8-39YbuMvDVH1KShb_zpn-sknoLVqcTqtnuMpdQe6Ch9ogbwpIaKq4WuO03CIO5BcUq5H44-4tKuWqj6CsWpM6p/H1UHxHrdBI1B_85vZNVdfwgxjqj3fnVWsktplbJjsCs),7.09 The Alexander Dow Group RL (L335).PDF (https://v5.airtableusercontent.com/v3/u/44/44/1754762400000/GW-nulkzplMGg7kN36ui0A/I6j8tBNyWLo__yUNgWlebjDJ2tayUz6OMKfNryGwgpD3FTLpF7hF9DcEu67NQfGqSVVgX5Y0EwxDgMOiBCIdOEN380me1HPYNpAEbattnx9c0HIH9pXvj7XpuP8oFxI67AfsLdZDWOnmUxn1pKJNHR0AlWkOsxB5ZqSU-FKx9n9j-1ezsq4yFKb_bJy5JulY/7KakcUqsctSjf935172LBWAByzSLjShvhtFpg5j2nmo),7.09 The Alexander Dow Group RL (x586).PDF (https://v5.airtableusercontent.com/v3/u/44/44/1754762400000/glyk4z9eOr3bG7-Z1-BGzA/WXa9S8k88IRW6PJiMJiTsUk6sjjQRDHg0XoQLm4bnBFECAsJNY3HSniQn2e_npZyB-3cacay_d_6xLPBv4TNKTWj9aYdRWgkBQowxup9H0FYTAd9ZCVq-4LB7_iOQTmBoqO7_CP2iwmSzx-v8bptIAjCMosmXjSmEb7PmxignwnaF02Ahyk_SxQlY5joJwXi/OCqKERl6gRziTBKqPYiVJ4IkkkIuqkOytyp__F7P4-I),Credit Card Authorization Form - The Hoxton Downtown LA.pdf (https://v5.airtableusercontent.com/v3/u/44/44/1754762400000/PfEROrYVNP3ZAV2WnztfiQ/JXSOncUD3_u6LMOCswiW9rWKM61nkA_1QCPfT7UvPXSDgPQeXWHAWhhl1Vx-eGdVOaTcydc_iHujgtETLjWx4yW62M0ZDhV9E1wTshKVhz9ihpn5qb71PfuVjmXkcGhmh1SRwbJmk31Lkvf7ya5IXe64LMK5UZJoeuvbq1b21wFBspeexPfSxmPhedtNcgSG3gZrNQs2qd3mG-19vbMGiA/cjChXcZSzh4vCw8SOGN_1ZIE76owhi53jzWUnOoriso)",,Need Invoice,Air (Fly Date),,,Yes,Yes,Yes,Yes,,,Brianna Hedlund,brianna.hedlund@thehox.com,(310) 717-1506,,,,"The Rimas Veselis Group (x597) Final Folio.pdf (https://v5.airtableusercontent.com/v3/u/44/44/1754762400000/1IsBkpckpWqpd5DsduBfqw/VO5ByY31kCbLQg6cx6_W4ftodt733H1SHTu0YSx70D17a_3J1erI78D2dP5WRqZVea1RTPpdTdB9q8ZMksp6O6voOrqLXXbSuKpV8C-4_bJBGPHI5-u0PLqsINTNGJd5Wy3F-QWw2rLjxByCHVOftO_ZPn5I6Asj_KfXJhy-gErsB30ZNO-K8uSVW0Ctiesm/2oXlld4Mpr2s8AGQqIy0RY3QZzmQQ-1DJlvbkiu6oPE),The Arjana Almaneih Group (x586) Final Folio.pdf (https://v5.airtableusercontent.com/v3/u/44/44/1754762400000/nRvcsoT53RYz_u7lejAIcw/HUH22OCNK4qwEQa2Dh_Uy7V-HIqEf1V1L813cfXAP-m6fakUZkaMX2eqAWcu_DXI94wNZRZkDnqYRry_9hz96E1MWNse9M0u-ajU3oPYyGmtjzOx1VYKP3KD7Cb6aTdC1TFgm5K3Im9rxhUKrw4J-TJMeHnFbhKoGVT-VNGXM1HoI4BIIq6hPeUgR2Cd6FTW/4IHw58kwdPewooriN00fLAGqpO_EG8HQ10etymzBNMg),The Nikolas Hansen Group (x580) Final Folio.pdf (https://v5.airtableusercontent.com/v3/u/44/44/1754762400000/cw9gt1gh4Poh00LSJc1KZg/JIkgP1c44KyCDEgEfDALC8UlWPp3GtYtzrHEQbC6WnD4_RzJT0P4LBuCrw_TOvijljrjEAvwzLjUDUj3qQoKp-w9F_tKhr8LLJyYAwESJhnAt-5uCiDkQ2kMq64PweKVURt6UY2HuKs15tnJcXVmaK49wz-ckeOPoD0bztMa57ov9c-S_QPLgvqiGU0IBtxF/RzhmUJvJysEupQKt_nsE_sgVtZ0wU8Bi5nacQHjGRcQ),The Alexander Dow Group (L335) Final Folio.pdf (https://v5.airtableusercontent.com/v3/u/44/44/1754762400000/-snji0E-YOCgyvufo98HQQ/9sUD9tyEYBWT0Ag5sQ_tn4mzaT_-YorVqxXyQmjtSUn8MmV9BOC1otZHDV__dJYFlqDZhhkw_fdv3iKTYcojQo-bDfFHKDpm4bm6--ARLRkB8KARQpSBrMCn-YJSPVV43tZUG_8GztkJSPznoD2EM6LaX9SdbV-88sq_0bwgX2sTkg-TVYGfEsLNLEH07Tzz/3PHZpRCs-_SFIfsm-3pVICFr9WjxKS9lw_cVFDZV92s),The John Edwards Group (x536) Final Folio.pdf (https://v5.airtableusercontent.com/v3/u/44/44/1754762400000/xlUEUSM-UPXYp8-6DmCa-Q/E3YeWaiPXjdXrYa5oyIfDq9EfiSlqiFpmg8iJHm52F3Lhh8L9SHPLZr7nCeS-oSYPygB1iHYKid2rJ-cB_2pm4nxQdLqJHfWSfsnqhg7BLUQs1FAvGQWOrkIQeypnHqs0lDXWWX4gVxcgtbU_3NprTil9tL6GoirMwRw8Xj_Pr0lJS80SflJQvi7N7Hr8iRe/a7zubI18ypu79n32K-imvwT54QLAt35L0nJVksbBLSI)",6/18/2025,Kyle MacKinnon,,Joy Ayodele,
7/14/2025,7/16/2025,X528,ALL,The Hutton Hotel Nashville,$189.00,16.750%,$220.66,30,$6619.73,Same Rate,"6x UG to Amped Kings
Comp Water",NA,,15%,x528 The Ben Adams Group,TTA - 05565556,"7.10 The Alexander Dow Group RL (x597).PDF (https://v5.airtableusercontent.com/v3/u/44/44/1754762400000/FRuvGk6I-W5siCKePz9szw/EmieCfSx2vPvziWEjsIa0BUuEAuVAuKZs3nh-o0g-DpdzvkbxYY6voMXrtayvMFePeSeXBg5IJYLDaajdcGNUpKyc0aUoNEZ-ZgbjeyRHS2bGcjQaiOMgKfU0_bN6fws0dQQfhXGs4wmbyfYxsSTCjr7Cz0iobNulRNmvWXOyEqwBJNcihIy6pmCRxb0YZzR/j8eA72rtNAAmmQMjjorHKb3mv7lzx0dfRVh_yyVcWnQ),7.10 The Alexander Dow Group RL (x580).PDF (https://v5.airtableusercontent.com/v3/u/44/44/1754762400000/VecYYX8AJ3EnjaVNYg3Yeg/jVIfRuB416YPI0bOypbKJ9KvFkPUGZQvRthPrQoPYz49WSUxodDdt2Weddu4Js4ZycyoQImM61fgLQVcizcX2CZ-fcIviGNtqC06EgAsa8-39YbuMvDVH1KShb_zpn-sknoLVqcTqtnuMpdQe6Ch9ogbwpIaKq4WuO03CIO5BcUq5H44-4tKuWqj6CsWpM6p/H1UHxHrdBI1B_85vZNVdfwgxjqj3fnVWsktplbJjsCs),7.09 The Alexander Dow Group RL (L335).PDF (https://v5.airtableusercontent.com/v3/u/44/44/1754762400000/GW-nulkzplMGg7kN36ui0A/I6j8tBNyWLo__yUNgWlebjDJ2tayUz6OMKfNryGwgpD3FTLpF7hF9DcEu67NQfGqSVVgX5Y0EwxDgMOiBCIdOEN380me1HPYNpAEbattnx9c0HIH9pXvj7XpuP8oFxI67AfsLdZDWOnmUxn1pKJNHR0AlWkOsxB5ZqSU-FKx9n9j-1ezsq4yFKb_bJy5JulY/7KakcUqsctSjf935172LBWAByzSLjShvhtFpg5j2nmo),7.09 The Alexander Dow Group RL (x586).PDF (https://v5.airtableusercontent.com/v3/u/44/44/1754762400000/glyk4z9eOr3bG7-Z1-BGzA/WXa9S8k88IRW6PJiMJiTsUk6sjjQRDHg0XoQLm4bnBFECAsJNY3HSniQn2e_npZyB-3cacay_d_6xLPBv4TNKTWj9aYdRWgkBQowxup9H0FYTAd9ZCVq-4LB7_iOQTmBoqO7_CP2iwmSzx-v8bptIAjCMosmXjSmEb7PmxignwnaF02Ahyk_SxQlY5joJwXi/OCqKERl6gRziTBKqPYiVJ4IkkkIuqkOytyp__F7P4-I)",,Need Invoice,Air (Fly Date),,,Yes,Yes,Yes,Yes,,,Emalia Hollis,emalia.hollis@huttonhotel.com,(615) 340-9333,,,,,6/18/2025,Kyle MacKinnon,,Marlowe Teichman,
7/25/2025,7/27/2025,X542,C PARTY - CREW,Hotel Indigo Williamsburg,$255.00,,$255.00,6,$1530.00,Same Rate,,,,10%,x542 The Josh Penner Group,TTA - 05565556,Hotel Indigo Williamsburg - Brooklyn Detailed Template with ID Upload.pdf (https://v5.airtableusercontent.com/v3/u/44/44/1754762400000/ghTnvznC-EkjwniBdK-iTw/eOfH4SnSBbKSNuoWAR8Zzef4rUv4oPj8MwWEbD_f5OzR5sVNUxeorEbHOiXlTrnkSR9Y__oYFj-p-gGtKkn4-Q2lcu1Rzls9lbRfHj51S7bEoZBVNjpL3XYaRvt7iTLKHUiUb9zk7dRpA01_y13Q_Twk38DdTxx_NUqxgnPaXJkHuoEHrYGJYx7jWo4JX0TYml7YLTtr28aRDG4q62Uh0CQ-bCWNBI_Npk6rCZdahrY/X6XYXSljJoxCyv5_r5AUlJMAEKNc3HI_zZ5e0kgUP8g),,TTA IATA,Air (Fly Date),,Varied,Yes,No,No,No,,,Nicolas Daeppen,nicolas@indigowilliamsburg.co,(929) 473-9801,Brandon Rodriguez,brandon@indigowilliamsburg.co,,,7/8/2025,Kyle MacKinnon,,Marlowe Teichman,
8/15/2025,8/16/2025,X564,ALL,Premier Inn Abergavenny,$1135.68,,$1135.68,1,$1135.68,Same Rate,,,,5%,x564 The Dan Avery Group,TPI - 10504292,,,TPI Submitted,,,,No,No,No,No,,,,,,,,,,7/17/2025,Kyle MacKinnon,,Marlowe Teichman,
8/15/2025,8/17/2025,X542,C PARTY - CREW,Warwick Le Crystal - Montrea,$330.00,18.980%,$392.63,6,$2355.80,Same Rate,"1x UG to 1-Bedroom Suite
Comp WiFi",,,10%,x542 The Josh Penner Group,TTA - 05565556,"Credit Card Auth Group Event Form updated - English_prepped.pdf (https://v5.airtableusercontent.com/v3/u/44/44/1754762400000/EQbHYr9ujr0pYLC3zFdsJw/slaNk7XxklFDa7T5X1z8F4UFSRQU2nDlGlRF1QB52bzZwh1BMmUv6YJuirV9H-qq-WM15KhtJY97MhsIBRvrUe9MLLZOCKL0blRrADml93D4rXwUOvaAg2yR3Z1wcpBY-wplxbT9uDz3jaBZM1b5XDiEMjucAyYLkGMpCtn8sePQMOs0X9vUHQMl0GxuwHUOR8TFX4gEk1waCXOlIag_fA/1u-TCipNWfqJMA1jh3AiTKAJ71XGuh1tJSicQw2KP9g),The Josh Penner Group Rooming List 01.pdf (https://v5.airtableusercontent.com/v3/u/44/44/1754762400000/lrEhmDFShrqKsd4spwK9Vw/-j10VYcC3c1Y_-SfSw4x7mM30RZnzNsRJMAVSFLyMQyAKORsG4-6MjUXZSINE-xkkwuOy_z0O7SII_WRV4wWOUXPeDQuuDxolqEMNH7hz6Y0yclcfPyIsjK8XMwI_clxLYvE6lYRPALkIPYVorzULtz62KGE_75Ewqgn1xEibP6o3Cb7LeExrLBT0rSQ7FWB/wHCCq6TOOwxIBxscsXGrK13qjpfLzuioUDaaewtsFoY),""Deposit $2,356.18.pdf (https://v5.airtableusercontent.com/v3/u/44/44/1754762400000/_hhxjhWGGS6fcBZ26oekjQ/F7w3Jls-G_tnFMLkq9OyNEMenQm84Bix7wZWQBFb-vMr1VN9SXyuT7-mq5LcQ70ouFKjvQgo9sFl810bzfA2jiaK5IPLnfS3ZHWsR-UomkrcLP3lHNeWkC6hsa4BOdhrv7f3yeDxt16SgsLDTj9nybPCmn2q_wrUqTeq554pi70/bctkzc6sbT_xOlqa_J5H818HnrcsrSc1tssIpZnpJmA)""",,Need Invoice,Air (Fly Date),N/A,,Yes,No,No,No,,,Bruno Bernier,bbernier@warwickhotels.com,(438) 371-6431,Marie Pelletier-Matte,mmatte@warwickhotels.com,438-370-1163,,8/4/2025,Kyle MacKinnon,,Marlowe Teichman,
8/16/2025,8/17/2025,X564,ALL,Radisson Hotel London Heathrow,$155.98,,$155.98,8,$1247.84,Same Rate,,,,10%,x564 The Dan Avery Group,TTA - 05565556,CCA.pdf (https://v5.airtableusercontent.com/v3/u/44/44/1754762400000/hubB_I2HwEz17Qy876essQ/TCMM_tg1BXF_NrkswUbil9GQDzia6SSAY-mEppI101U8DIyOUluJBheapVCMzgrC-_lm5M5kcliGHb7XYinV1D3zST4SV14co7efKYngHG_ZUX3uVJkTysIU3hzidkiEJOdKp4thd2YVH1jkWitlhg/bY1q53aafxzu6x-Fu7dHrbPFe2N2yE5pundFLnCexhU),,,,,,Yes,No,No,No,,,,confirmations.heathrow@radisson.com,,,,,,7/10/2025,Kyle MacKinnon,,Marlowe Teichman,
8/17/2025,7/27/2025,X658,C PARTY - CREW,Comfort Inn & Suites Huntington Beach,$149.00,16.500%,$173.59,58,$10067.93,Same Rate,1PM CI,,,7%,x658 The Katie Baker Group,TTA - 05565556,"Group Contract-The Katie Baker Group.pdf (https://v5.airtableusercontent.com/v3/u/44/44/1754762400000/lFrnUzssRbA_nlOQABSTGg/ZtJaC7O9wIRE5lhDoM4cWU8bbGDz582HSq5_uWmLsgDY3yKPFfp4T0PdhhY4T0-5ltk-fWOMeg2g58VuEo9_YH_c5ARAzPUxWOnTK1L9Hnxkpaw5V0EFl0KHr2rJnSYm_I7GdF80xDVtJMty7damEe_mx9V5UyFygEH7VVueJlHLzekVzKSVwGlYE7i5VuS5/vHqH4Tw2-gkQ_bbKI4erx9BIuV6J3ZKhEjglwJTUPGs),x658-17AUG_CCA.pdf (https://v5.airtableusercontent.com/v3/u/44/44/1754762400000/GIzOZjQXfhZ7SaT98Fwayw/PHQR3-vAz9ugPW0UIJ_dLeusKoi7fJX9FJpSl8lX6Hd7N8tn7J8Wm_uST9hpH_j2rm9GXCLn6tUyh0gJ_S9qbaZPE1tFq2NEg3Upg_TJ3_ucMs_nDvTgpPgyC4UKZ5Dz-vTqwTX5YheVaZ0TYTHzi2nlfXQ-kSSF6oE6W3W-3TQ/6zigx2H4yVfE-1W3SOYxl_173-rxWUa35j8NSg7boGI),x658-Group Contract-The Katie Baker Group-signed.pdf (https://v5.airtableusercontent.com/v3/u/44/44/1754762400000/6omh9gYnIQPGNh7rtdP5Jw/shwZIWOtlW7vgMnE1v9ITt8_vKbiyJPZBkZ3kRCeS3CEAGOmrE_noI18UV3-IOVxpNBky0ADcaKEwUaTkhnwarecWxKKU1xwtsmVjR9n2kP2nZjymUqg9KTTT4YQU_B9i1cksvklOczmRu_FbXYknZ5czB-GwPeKMs4nZtqZHxHYZa56n056gpncZb01EWea59oNswlXXA_Iey1IZqKnoA/lBe3IQqZhnCyLBWKINTrSTUUjwa3mqNfcTS-_0DhzwE)",,Need Invoice,Air (Fly Date),,,Yes,No,No,No,,,Mike Shalizi,mike.cshb@yahoo.com,(714) 841-1812,,,,,7/28/2025,Kyle MacKinnon,,Marlowe Teichman,
8/29/2025,8/31/2025,X528,ALL,The Mayo Hotel & Residence,$199.00,13.500%,$225.87,26,$5872.49,Same Rate,,,,10%,x528 The Ben Adams Group,TTA - 05565556,Ben Adams.pdf (https://v5.airtableusercontent.com/v3/u/44/44/1754762400000/n9eMJ-AjJfS5G5gyhmF1zw/n0djO6cDoW1Jsiw0ZusoLh3j1OS-CDbyKR5jBxUi6w6wFvUCzpsl6vuzkj2soch7O-13TIdatYCAlcoCUpM_imyXdSBdu-jC_W4dkZJOV_hcXMzYR8HzRMa3zZ8doxbBEZkpasIiZmB-RQf2HUrzZRh0jP0dyQbUkT8FHpX2Uuk/dnSEEEuKWO21dDvTfy7xAVlqZgR9UcsY7G94vJKxb94),,Need Invoice,Air (Fly Date),,,No,No,No,No,,,,,,,,,,7/1/2025,Kyle MacKinnon,,Marlowe Teichman,
8/30/2025,9/2/2025,X658,C PARTY - CREW,The Kimpton Gray Chicago,$219.00,17.400%,$257.11,66,$16969.00,Same Rate,2x UG; 2xWA; 4x Water Daily; WiFi,PM & PC,,10%,x568 The Jordan Coopersmith Group,TTA - 05565556,"Kimpton the Gray - CC Auth Form-Signed_Documents.pdf (https://v5.airtableusercontent.com/v3/u/44/44/1754762400000/nBgvLPRt6NrPlJcH_vMBsA/qWenRvaz8ThGY4AXae_K7kwIKgUyaJ3rkjMuAmxyX6Q4wjKwDPi4uVulyhyqP7K6MHdZXIDsX5fCQIE11vElCHOB78uZCSzpwk7pQX4h5sROdeovaAlcVxc5rX9kpmr8qLtdqXsEBp3w0p78t8pWvOuB2F9jIa-6T-XHewsGqR9opGYgnZ7LizoWrg6SRix4-qPZzkUxHavW0GzUvCMDTQ/rEyIRdnS4z6cq68SWys5Q9nBX8_30T5uWN0RT8S0K8s),Jordan Coopersmith RL.pdf (https://v5.airtableusercontent.com/v3/u/44/44/1754762400000/7PpPHSHgzNZ_1aa2bVwhLw/NsPFYfuKj4JbO5Kqp2AznX5uKozu4Y9Dd0rLt21zd3CwPIxtqtUjdsh4PJFUszU_G-Rq1x3VWn9fm2K6bQe1AaxZDNn95tlS26eP7ATtE-vWPl9UhkstPOg_G00nIxwCqFX6hBnCONqlhXPpkxAWR7Q31LpmrW6N3KYZ-RjLLaM/5jQyLWXiHV8ZS0chlfdUFJyTiyLjN_c-RVvpKKJyuOw)",,Need Invoice,Air (Fly Date),,Varied,Yes,No,No,No,,,Lucas Lopresti,Lucas.Lopresti@grayhotelchicago.com,(312) 604-9829,,,,,7/28/2025,Kyle MacKinnon,,Marlowe Teichman,
9/9/2025,9/12/2025,X652,ALL,Hyatt Regency Boston/Cambridge 575,$289.00,,$289.00,7,$2023.00,Same Rate,,,,7%,,TTA - 05565556,The Travel Agency Group Agreement 9-9-2025.pdf (https://v5.airtableusercontent.com/v3/u/44/44/1754762400000/lNbwP0Fri3Esb7-4CMlb1A/3hgAR5skA-xsMSjcS-bouMuBNphWyG4wOrPr9ONq9OI90EnLHBAFwZJjWy6QpWVOlkmTovsp3mjBf4MHOlMGZgp-r9s5VaUpm7p3sew9u_2Wpi5q8vAa8r9pQKkGYA_j-uVHYtn1RITDGHG7Zus0DLmyPNiw7wzJ598leqdp9w2ngFyFJfYwvxv7KRKYu4xN/3W8FlfXHBZFxNPWguTgQqIorBMn5Vc4EnLrDzWlFf2U),,,,,,No,No,No,No,,,,,,,,,,8/8/2025,Ashley Tran,,Marlowe Teichman,
9/10/2025,9/15/2025,L300,ALL,Dreams & Secrets Bahia MIta,,,$0.00,67,$0.00,Varied Rates,Deluxe Check-In & GFY,,,10%,The Nguyen Family Group,TTA - 05565556,Countersigned Contract.pdf (https://v5.airtableusercontent.com/v3/u/44/44/1754762400000/9-Q1_BPb9adpjamE7mrVOw/sgiu_GJhsDx5bD4_cceNWG5yRzzo7dspL9ZL6XIu1ylYHNi8PUiVhah8k2U09eEw9N3kWj4B4Uq__fRuw0Y0VUadUKKyEseFXNNat1vKHHIVzJD5HYe9Bhg-qCjiLRrx5E1gnMc8obec294WbpfrXVEXdJbcVcC6Xi-U6bZzqSE/4-Mhi7IwW0_jEN4_-ef9iN3nNKW9YHsIFUkOlOIaCXQ),,Need Invoice,,,,Yes,No,No,No,,,Alvaro Rubio Peña,alvaro.rubio@secretsresorts.com,+52 328 689 0371,,,,,4/7/2025,Kyle MacKinnon,,Joy Ayodele,
9/10/2025,9/11/2025,X551,ALL,Hotel Julien,$149.00,12.000%,$166.88,20,$3337.60,Same Rate,"6xUG, Early CI, Wifi",Band & TM,,10%,x551 The Sean Kane Group,TTA - 05565556,"9.10.25-The Sean Kane Group.docx (https://v5.airtableusercontent.com/v3/u/44/44/1754762400000/BSlUubtRc9sW6zFbDMPhtw/jCCa7LbHQSaGv4NJ5-35j81CaQ_14URbUH_YhGjS278A96F9lj-Si9BuZSvuXIbe8Xenb69ySkHtVSaKE_qv4nwNlxjvtdKXxCcMl5WxGCOByMqg1hzPIDo6c5emMUACH-QMBjWrFhWqtUGbyFnWfF64gJzGVQlOBMElkTtlmQQryDiOuzavFd7E_cbEhupO/McUKdMTXqF01TbLLzFmYXuZbWS8Pt5eGJCL8Q1HSMLA),hotel julien.pdf (https://v5.airtableusercontent.com/v3/u/44/44/1754762400000/nQu3kwMACOBJR_AKcxOVtA/1yOdm0OG8cHyQ9G5AXf8nywm8IhcwcMhloTe8tcvdUUXRzKYlRrg3ZLJe1Dk7sOwzDNXQ3q-177jG0-tvKSrV5Gd0E3O6Az-LRmf7CUNf9IcHjCyqcZ5jh9RdJgs4ZHxagUvdqbFZq0w7VwixPHfI010zvbdF25HHuo9MhXSB74/39tdyDIRwNrFIyK_CDFh9skCHTe7-_uX6JH7WMl4mNM),CCA x551.pdf (https://v5.airtableusercontent.com/v3/u/44/44/1754762400000/zKOli0Un5tBFNl_JAB6RwA/-i7g-yRHXgD5eVJXtCq7Nz6uc_-Be9nEWkylGZPWPVHy9jJuDkiUd1BqErKd8-oqjQ_LWnZwOnb_SrzbOZ48xw_v4GUTF3dafx-ej1C2AHy9lOVPgVSqLZlY46rAkkE33WRne2Ne0Teqznco4c8ddQ-lDmh9--gD6jom3gFjgbc/5aA9aSYWoBoNNYuVxbaD29pMaKZCZwU2HJFKe8ZMbrk)",,,,Comp,,Yes,No,No,No,,,Ashley Bausman,groupsales@hoteljuliendubuque.com,(563) 588-5573,,,,,7/10/2025,Kyle MacKinnon,,Ashley Tran,Joy Ayodele
9/12/2025,9/13/2025,X551,ALL,TownePlace Suites Des Moines West/Jordan Creek,$119.00,12.000%,$133.28,20,$2665.60,Same Rate,2P CI; 6x UG; 6x WA; Wifi,Band & TM,,7%,x551 The Sean Kane Group,TTA - 05565556,"091225_HE69842_TTA_TheSeanKaneGroup_Agreement_DMSTS.pdf (https://v5.airtableusercontent.com/v3/u/44/44/1754762400000/7wC1_Tg6gsE8C4A0rISFMg/wh0DYw06ZoLPxhVRPL9DIGRgXLjIhHz0_410l_taxkCU6SZSQet4iuce3E7MXDpQneBp2Zp31twLYTxc-zru990JMSG-zlldDtg-5NEiSK7aZRQhR7910iTkQAHQ6pX9PHa4aaBIZC4ybMxuM8m28mCLAPqWZPGo-0wpAGSyFWiSVKI5JbwsGRZw6M2NDaou-5noRaCyys-thQcKN8kE1w/CXRVLFqYk7XFfXHFI7fAUTxgtikRS1EOS86lAXIalWU),Towneplace Suites - CC Auth Form - Group_Events.pdf (https://v5.airtableusercontent.com/v3/u/44/44/1754762400000/nLSwVSzIooxYhssSLSc9XQ/1FHtPtsJUmFanqAGAfOfupTdeCP8Arm7shTt-_M43ptYvOC2zV4VYDnD1PQqgZ8ybmawa_3NNNnEllnUPcS7NR7K2rFyy9u_vj1amIgsKPSr_IprHgPhAWWekHLXmN-HF2JX-2a9Bvrk1UybpP6VcsLQMH2bBNch8b4f4FLQMsy973k9_t5IgkrFQwbfXqk_7Gbz769d0CHWgFCS6_P-9w/qzdXF01AQDR03-NEteoLZpjz-HU5UFYUCY0ls_ZnT70),091225_HE69842_TTA_TheSeanKaneGroup_DMSTS_CSC.pdf (https://v5.airtableusercontent.com/v3/u/44/44/1754762400000/AlUhQ5xbtRrlVxTSsHj8PQ/I3pM1MJtl7wolpeZktA-5wrQ-UooAxZMR0XgZ3OmGaOxUeWo4mQfixuXzY8OYi9_rJ1IDfcIBOwsMk-M1gfXUmi0zubuHBloLw2-30DjOlCpFTsp_o2k3oLtDAA6QSDZX_FT1JBHfb2FtJd9tzMgtnV6TjlkuEyjHiy_qRtJHl3Y9helYUv_a5NfqVyBgUfXNQjbJFzx_R-Om2yjsAFpyA/yLC25t-4iCd52Emfu4C2nVYdqL5Q1H-jYTow7Wl6aJo),x551-H-20250912-TownePlace Des Moines West.pdf (https://v5.airtableusercontent.com/v3/u/44/44/1754762400000/McP8WNOUMVAUCiFJkscgyg/G3wv7PRTmaSABnQj6QoaOrzGzQ3mqyWjAgNtTnlgaxVW5XKhZQQOyr1Ktj0mBaHpIOyPRtdXAAcJETCBe0L3q3bIA-sWLYrm-4cO5bJZG3tdG3Wr8ZCxRkZRmI1rdB-WPuDdrmx_vDygOv0KfcL2kCWenokrwmsPDBzsFBuBz8YNTULzUA--3l3YnoPeK5hb310hQ0FtX8dPP71y1TnXHg/uBpSQSKk7jvmGSQ6DUaS67BhklgsXeTu1tUhtiRza_o)",,,,,,Yes,No,No,No,,,,,,,,,,7/22/2025,Kyle MacKinnon,,Ashley Tran,Joy Ayodele
9/14/2025,9/16/2025,X652,ALL,Canopy by Hilton Toronto Yorkville,$349.00,22.610%,$427.91,14,$5990.72,Same Rate,1x UG,,,10%,x652 The Michael Andrew Group,TTA - 05565556,"Rooming List - The Michael Andrew Group.xlsx (https://v5.airtableusercontent.com/v3/u/44/44/1754762400000/ClXXml7fq6LVMDH1_vh39g/YNZsdXUhmjtpMqN1UGcHLw7YgoWViKaKVVhGLt6T9ioX4wSrs-dj8KutO_MsGs65xXfK3zKIzc6hm5lzh5SgObvCTs7bcxc2J56EjbSobRW4FlOQ3lJc74P2HpM2u0rwlG3qTrTcFKuExU-d6-ZGpax0EZk_uJuSSntF8R1ZUwa35NJKJlBnwZRgdQfG-jgd/5tQCJGDF4MUuB6MW8k64qalVnZs2XLuuHTIFapoWhK8),CANOPY TORONTO YORKVILLE-331303-1754073849704.pdf (https://v5.airtableusercontent.com/v3/u/44/44/1754762400000/eVhoNlZhWIGMqh6OMv8ang/bkAx2AOLKnCys8X9ZwK135axP-7AzMW_p42sWbc3cSTVTKEiwpYzKusLaQqH0HvrSRdDtHHLESgFx0JC1GUbrHN0DxyXhG1g2jty7PuzngWB8kS3c-RbGknM7KuaQQ1hyhXDVnvlbD7zRXptbKY15aAFlH6NY4FEoIGp9vSaBwQwURlKAspEYGl5tKB4T3IPZW3ET_D1fznEsacCvfqWYw/TI35u85a9CCMfy0kLE7ZW6QIaXISIma2HeFWVeNYTss)",,Need Invoice,Bus (On Tour),Parking $250.00 NT CAD,,Yes,No,No,No,,,Jorge Cardenas,jorge.cardenas@hilton.com,(416) 921-3333,,,,,7/25/2025,Ashley Tran,,Marlowe Teichman,
9/15/2025,9/16/2025,X551,A PARTY - ARTISTS/PRIMARY,Hyatt Regency Milwaukee,$174.00,17.900%,$205.15,9,$1846.31,Same Rate,"6x UG; Amenity, Wifi",Band & TM,,7%,x551 The Sean Kane Group,TTA - 05565556,"CC Auth.pdf.pdf (https://v5.airtableusercontent.com/v3/u/44/44/1754762400000/8lRBsyX9Mfdvu9A2vvF1aQ/CfoqsH3s1Qsyk-nDiWOhQ1vtCMFSGQYmAknAMvoALkxlampuutYy0SIOyA7DzRluoHwpafZsAvuujUtvt01r0Fm7HpaAXR-msdCGRchDrGPEfohSOAaIVkCBDW6YU13U1IRheFNaUItoTsqEq1E7M2y6HcSm44_6Vqnx1aiQv2Y/2YcBZHTk8BX-ISCFZaWU3VJHDqh4wpfMou-iu5Ukg14),Sean Kane Group 9.15.25-9.16.25.docx.pdf (https://v5.airtableusercontent.com/v3/u/44/44/1754762400000/eHCxsUDaI3y7QSaqfmV8ww/YSgtu92B4qkwWbkvmz8dQegVlGGhg1pOysBJT6rgN1_2eTyNfa5nt2JOXYSrvUBC-ETxognX81iyBlq-VCKLMIsaNcQepvrR19BUdpWP7BqBP_eb89jDf2LMDs60YP9wXVfbzfS1KXQxSDczSActCP1nVX_2XwewGmCR_GyzwWwraXd2L_VLPHcBC3akjV8N/3ry72HJfKA4rhzyqXtLMdgZ0DVl6RHfaqqJQdefHktE)",,,,Parking $250/night .5 from hotel,,Yes,No,No,No,,,Trista Corrigan,trista.corrigan@hyatt.com,(414) 270-6032,,,,,7/8/2025,Kyle MacKinnon,,Ashley Tran,Joy Ayodele
9/15/2025,9/16/2025,X551,C PARTY - CREW,Homewood Suites by Hilton Milwaukee Downtown,$169.00,17.900%,$199.25,12,$2391.01,Same Rate,1P CI; Breakfast; 1 Drink,,,7%,x551 The Sean Kane Group,TTA - 05565556,CCAuthForm-Homewood with Meeting_Homewood Suites Milwaukee Downtown.pdf (https://v5.airtableusercontent.com/v3/u/44/44/1754762400000/TVcjVxC9Ila0UfomT5f7Gw/dbESe0t5Du9KExhBW3RlA80s6RuR7G0Hpxsyz7XONH4zJOOnHXZRtCoplgUEz5au8nPtfnVFV4LfaDWEHOsiZT5Q-dxV0kWsVYweVDvK6ghP7gmc8P3TWQAvdL4558Uz2FGhg5-tk-R7xCMrMNBf8X7yfjFf2kIo6X1HULqahdnpHihFbGgk_i1AJ4cD6A5_IL3-4LDeTut3BXB2j6B14RU6I05SVN00IKPTagbXWAI/tYs_xwQduSUPadkO6wwHEraQD1VpKuM7CM5z3f3jB3Q),,,Bus (On Tour),Comp,,Yes,No,No,No,,,Jordan Lawrence,jlawrence@firsthospitality.com,(262) 844-2171,,,,,7/21/2025,Kyle MacKinnon,,Ashley Tran,Joy Ayodele
9/18/2025,9/19/2025,X528,ALL,Thompson Chicago,$279.00,,$279.00,13,$3627.00,Same Rate,Welcome Amenity & Water,,,10%,x528 The Ben Adams Group,TTA - 05565556,"The Ben Adams Group - TC HOTEL AGREEMENT.pdf (https://v5.airtableusercontent.com/v3/u/44/44/1754762400000/t-ujF9u5a3Ucw6VtFLWxPg/5-dtnovmJRgyYDAun5SsKJGR5wiQ6S6vOnNKdkHLkDtekjsnR5U-Fy3y3LvNyZF-a8iOSLygdKlZ7M-Anx7Llf3wN90Pc_FsTbYldUzBdcXEGg6OzjTSCRO3rgGM3XG_kw1WI2Uj8Una2iIOi-ejDKzueQwSAzIpdblzgTtpdQzcZA77ZXgLZwg7EmL236ql/7qw0Fem-i7Wgc5PTnOqrkQZ7WWx425EuZA-eEHMrWM4),The Ben Adams Group-Signed_eForm.pdf (https://v5.airtableusercontent.com/v3/u/44/44/1754762400000/e47-_JFwbfCzpStWk2LypA/2ffas5GLzlxmdzzWN341DwoJLO87h9izstInC8BTYgwY4yiWqRBzCUk9U1UcsHo-ig0tquAiNXUowsGsqVYse15IYLHhdgjjx8fI54WtPZlhjVGTK6Jv9hlefeABVkw2DzCTrdad5dckqyfaPgGGQOtDw-0c0S2vkP0Aj6B6WvRUIhLWGy7kd9SySw29IDYD/0aTli37QJQGNuOswJ5lmz2g5gq07mkCfiz5IEO-D92Q),Ben Adams Group RL 7.7.pdf (https://v5.airtableusercontent.com/v3/u/44/44/1754762400000/D2fccaIlBYa5L2_VsEjpug/Nwu_xJ3jc4fDTO-rxNLNSq4q9vf6-TN09FqUbZtxrSwPQX4LSd3HJIb24Y_DBVbCnozGlPq-VjtKTaoLmzqn0aFE4txaixg7MsfBg1Jb6aBLuhaTbEx-aQ83IdYK4-gq-1twPhyx3UER9EtYDM7zq4XHvbcebN-TWNpCdFP7tqI/vH8V4dEHP9C0lPLXa094fD1lLJqy8vRVaGYZknp1tOw)",,Need Invoice,Air (Fly Date),,Varied,Yes,No,No,No,,,Aurora Najera,aurora.najera@thompsonhotels.com,(312) 994-7102,,,,,6/27/2025,Kyle MacKinnon,,Marlowe Teichman,
9/18/2025,9/19/2025,X551,ALL,Hyatt Regency Louisville,$249.00,17.660%,$292.97,21,$6152.44,Same Rate,6x WA; Wifi,Band & TM,,10%,x551 The Sean Kane Group,TTA - 05565556,09.18.2025 Sean Kane Group.pdf (https://v5.airtableusercontent.com/v3/u/44/44/1754762400000/FjIoBMI0qoXGENqWmBgaGw/r12_8hfhs5J_oje8wSnJQbfAjFJLlUdWZ-IIFH0MH9bTTkTtFD6MWO5CPAu268DLSVaVWltqnEYZVnrZKIp8LVO3x6GxIiJhSt9YBD1bZCr3Yi5kc2oxe8LtdNCAh6a4w5Zckc0nfRarbWR6GWeES2ERcwxz9olM8yNN6HTpNYIh8aXwkpgVHZ3GB16bsYxD/lgh9GqTLF7lBh9-V98OLXYxlf4oD3Bxz2WOlqUk-A80),,,,$150 per night,,No,No,No,No,,,Hannah Wachenheim,hannah.wachenheim@hyatt.com,(502) 217-6070,Katy Hatfield,katy.hatfield@hyatt.com,,,7/30/2025,Kyle MacKinnon,,Ashley Tran,Joy Ayodele
9/22/2025,9/23/2025,X551,ALL,DoubleTree by Hilton Denver Cherry Creek,$159.00,15.750%,$184.04,21,$3864.89,Same Rate,1P Guaranteed; 6x UG 6x Welcome Amenity,Band & TM,,10%,x551 The Sean Kane Group,TTA - 05565556,"The Sean Kane Group.pdf (https://v5.airtableusercontent.com/v3/u/44/44/1754762400000/UD2BTQ5cLABnYhBiW4uWGQ/QukWmKjxOzIDenojZc9PT6yBeKxwJSiksML0LZ9iCwk5iAkAIdIGCGbNNwgQOIFqE-QGS33esUlbZH7NX9F7xPGkpFoCbpmHzH9WBYLY9MV8BNMl3CTc1x_894bs2eTV5Pp3YjB-AOcg3FdTQRUOTVBV9HhZvjhuglu6oiCxitY/IoSqF6i2hsIJP4gK2DqTVESuVlIme1KvtW7Tb4BG_yc),Credit Card Authorization Form - DoubleTree by Hilton Denver Cherry Creek.pdf (https://v5.airtableusercontent.com/v3/u/44/44/1754762400000/KnY1qVs9621vZw5V1nzxVw/ne0Stqmiy912j9x5YgdTlZZqUo9P3y_PVfALaL-g2qEltSWiUR5AEi3Yn7Sb17Vm_g6P3qqFz14mXIeFgd4rmDT_Q4p_QeNRwFfh3oCHxjs9CoAB7nXBxKiMBWZCPNmg_L2X10DuWnnOhLfOBccIG12ee9a3P0of9bTsffAMk2SE5ySlQB1iOO6X_QdCk3Jp9EgpyjI0pPQ2kM8l_Q8JjVgezzRBTt2dlP5HgWHvtLE/NP7C8Ou-CunnvpXmX8qth8ezufZo0iU_HxBVs8FU3mI)",7% Hilton & 3% Rebate,Hilton FastPay Need Invoice,Bus (On Tour),1x Comp & 1x $25.00,13:00,Yes,No,No,No,,,Tracy Caseteel,tracy.casteel@hilton.com,+1-303-388-5561,,,,,6/26/2025,Kyle MacKinnon,,Ashley Tran,Joy Ayodele
9/25/2025,9/26/2025,X551,A PARTY - ARTISTS/PRIMARY,Waldorf Astoria Las Vegas ,$309.00,13.380%,$350.34,9,$3153.10,Same Rate,,,,10%,x551 The Sean Kane Group,TTA - 05565556,WALV Credit Card Authorization Form.pdf (https://v5.airtableusercontent.com/v3/u/44/44/1754762400000/6JYq0p3BB7Yl32hrGiSkEg/Yqc2YIPHiJV63k5aSC76YC5KquXn2aJ94kvFYzpUuN6IxGBo2fbGLSb3GOl1A3iXY3kDxaHPez0Yo5JBxs9_mo3OMykbhkTyd-KPzJb7bAXRWQ3Y_2DNInCAAcihoW123iXPtN-7gRHrw9Y7_j36ISBMWSV57hb6jA-EaL5wAzTeV7XfkRjsl31AqK9p2M6p/XFkeQ1eer9_U-JJliAtyZOWvJnOqmolPlkofkhMiF_I),,,,,,Yes,No,No,No,,,,,,,,,,7/22/2025,Kyle MacKinnon,,Ashley Tran,Joy Ayodele
9/25/2025,9/26/2025,X551,C PARTY - CREW,Palms Casino Las Vegas,$119.00,13.380%,$134.92,12,$1619.07,Same Rate,Wifi,,,10%,x551 The Sean Kane Group,TTA - 05565556,"receipt.pdf (https://v5.airtableusercontent.com/v3/u/44/44/1754762400000/k-sqbzkxJXdzNL0FiWxu4g/Ooc2GdJ8e29tyZgISwP9F-V-chn9lpp_ZrNOLjxWyN4Xe0iqCyUp0g2bfnKiAvxUMhN7assye50DAsd6-ot5Irz6ssCI3S-o1XH-TjDesLOU_yfuTPCMss2fl7Aj3Rt1jXavQ3hbhxgZHIpC0fx-0_owxPQsT0_uU5yAHG9BWfk/gsDHXetVFG-6z1vOl7683hkbcnFZz-F__CirjuLTxjM),Palms - The Sean Kane Group- Contract.docx (https://v5.airtableusercontent.com/v3/u/44/44/1754762400000/e_h0OQLXyfGfbw5yovNZCA/owPqyt9GCfIh-8ksVXpBivjeAxzZ0YBtnFteyQh8Sy9YOPrgzFYGHynCL8Tp1LyWMisFMYOwusK_A4wc6Mvt3ltyPDsgzI6T95gwN-a8TZBraYe_m08zcDVA2JL62aAfao2BQO7i5_3OjeRfiuonfeSbIUY7Ps_mLyAfXg00JEf2ZyS4P8w6FquRIhG3qnor/g2VeBJI2FoStTAw6AWu3K8E74p5Y9PkAb3-9GA-PBn0),Palms Hotel Credit Card Authorization Form.pdf (https://v5.airtableusercontent.com/v3/u/44/44/1754762400000/C60k9eYBgDbPY-4XUsyUnw/OPGzo1cNowdgMhDR9jvz8jhPRKQQOHsm4mZplmmpECenEE3nbBkmype3MIN1dGa_vDyxkEO0KCr4LkzMxY-4s99OJtgKe0lqXxJtLj2AEudNpQRakTBfddwEZPv3i3OUQ_QGsZy5OOrG5YmW5_I_bLb2a9V_buz3wDheA8G6tQHXZO7xx13jPJUCAsU92cTl/l0odKc25dURWzQumDFpBvPPub4EPbpLQL2Q3Y21sp-o)",,,,,,Yes,No,No,No,,,Brittany Hauer,Brittany.Hauer@palms.com,(702) 409-6058,Ashley Hoffman,Ashley.Hoffman@palms.com,,,7/29/2025,Kyle MacKinnon,,Ashley Tran,Joy Ayodele
9/29/2025,9/30/2025,X551,ALL,Sheraton Redding Hotel at the Sundial Bridge,$349.00,12.322%,$392.00,20,$7840.08,Same Rate,,,,7%,x551 The Sean Kane Group,TTA - 05565556,"cca.pdf (https://v5.airtableusercontent.com/v3/u/44/44/1754762400000/Dmd6ExfnTUPRGGjpWihOvA/qCYP28KTrmZ2uZCU069IvAsshDT42KE4ANSH-aypN6VGxvbD1XsOOjLuQBS2q8pwdJaP5-dDv_LaUgbhf_TjRP1YAjC9SelN4nzBDH3aqag4fGyWNoGtlbL-Lh5pRYF8ErddIuHCr568kgE9JKtDWw/KuuNlDvuxsg8ni9M5pio-g2UVa-uqkPaNwNtTCXFFJo),TTA Sean Kane Group Sep2025 SIGNED.pdf (https://v5.airtableusercontent.com/v3/u/44/44/1754762400000/dFrj16kD-LigCB_tJ4fb2Q/pYvQFETFnOL96kPs3FLBdW4rNa4gGDcQDD0XXt7AxpWJf_1scFrjMLSJg8uyd2014gxctM22xN4Aq77l-wXq6YMCCdL7AP_mxKqhcabgY4gR3tCmLKBjty26C_LjaIlloqY7HXqRFWSh7zBp4XDjQW8VUQrBxQnw-fHn8SzF3mtgWFwLMXfs0PWeVdlLHXJ2/kszFSR47rhr9B_YwicWFdruL7nTs5Mc5ZQnjsQDeldk),TTA Group Rooming List.pdf (https://v5.airtableusercontent.com/v3/u/44/44/1754762400000/DQORaXwKcuhHviHZlzGrDw/bneOLU04Meu7I6Y5mcXoAdrB1xNBAM3a0gHkdY_Kvt8nXQbC7ZTVfVUltW_zs1fE5syDPfpYHM7jUIVrPp9DgJwbeiSxvV2qqdyxEzwCzK7Lbzjnc7PTgKLQk6VZrQIH9TLAE0EScat-jNKFXVo4z_q2BYywUA9UmRljdeyGmvc/wv-v081GPbapNZHbdbOaIFHavTKuNDJBv3LyMy0Zea0)",7% Marriott & Double Pts,,,,,Yes,No,No,No,,,,,,,,,,7/16/2025,Kyle MacKinnon,,Ashley Tran,Joy Ayodele
10/1/2025,10/3/2025,X551,C PARTY - CREW,Hotel Indigo Spokane Downtown,$119.00,13.250%,$134.77,12,$1617.21,Same Rate,1P CI; Breakfast,,,,x551 The Sean Kane Group,TTA - 05565556,"Complete_with_Docusign_TTA_10-1-25_Contract.pdf (https://v5.airtableusercontent.com/v3/u/44/44/1754762400000/uU9AoWtHppZpO6IowBtowQ/1GjAPiTSN2COqN4X0FoQTOb5VTBYVrw1hwiL2HT_PODP4726rdbkC1mwwwFNrwrxZdQbZGGO9ZbC50spQcdGLlJSOgWJ5fKskDHi7-wA_6nTePFfOBvSI3-HYKB6QiyOP4YCTgOLPJUxC9B5PG4RX-cLUoIhoRIay0IIrTPAVXmYO5RedWbaDJXj75Sk94HIJwBmgrtU-sW0lbjMJhI9jA/fcm5kFj_kanX9Fz7Ik68fqFOecpzxi7c45PGqfk91GI),CCA.pdf (https://v5.airtableusercontent.com/v3/u/44/44/1754762400000/phr6bfxylv2sOkZNqqSxLA/Q4FjrHTar5VUJLvJ_dn6tIou9Y1cxA59aUygE3HFd2ESLsVGfpcRLWNjhiru9FZEEowfs_HvOIPoTXtPzTvhHJ3ywTGe89cZ1FPgGFNrOISMJrhxBIOyOwd3_914ar-7IuBY6N5j_5Wa7ak528cNOA/n1fOVQp3fotpUyobTOOcEvH4p5apYEFMuh_8tYCiScA)",,,,,,Yes,No,No,No,,,,,,,,,,7/23/2025,Kyle MacKinnon,,Ashley Tran,Joy Ayodele
10/2/2025,10/4/2025,X528,ALL,Kimpton Sawyer Hotel Sacramento,$399.00,16.650%,$465.43,26,$12101.27,Same Rate,"1x UG; 1x Welcome Amenity, Comp Water",1x TM,,10%,The Ben Adams Group,TTA - 05565556,"Kimpton The Sawyer - CC Auth Form-Signed_Documents.pdf (https://v5.airtableusercontent.com/v3/u/44/44/1754762400000/HCZKT-P5f0Wq3RJuQQbMcA/Ck3Bm1Pu-yLD5b8B6Jd6PEIM5DK_u2mGfod2S4JeGJWOdqTc6XGqzZ6Tw5cw8QBiH9l2PWPCVEvSE2NH62XYikSEMl6nlBGNFsIKsslz6BPvE55kHxfGYvFWa8xd1hP7IGbYtlhKavfQC3AjYxuvM9Ma9ZUfe7k7UO4a06rrzHPs8txzDV8h_CDyCXazmLz1SLgrkt22Dm0NJ1SpiQdR_w/eZicRMfGhScBWPd7trEOfc0RnBfq9rrezD0ruBTntD0),7.14.25 The Bens Adam Group Agreement.pdf (https://v5.airtableusercontent.com/v3/u/44/44/1754762400000/QtsLwsVXi7RZtP1CPl9_4w/Mhvd8e-M2jnKsPrT6_9ogh1Qjdl3SQZ6pR154qZ52Mxo70MZHNjJ6z032cpWB7FsCESywea0GotTG3uCM0slUv_wqAqMAyDCc9X14-GznhUy31GMK7YNjCmHRRU4uRnX_PaYeWOEXSPqwCDq8zFoXMi_Zlo1Ke5GFUo8Sf-FfLsF8NJDmXQK_6hlrNba3uhs/2yR_W8CaKXIGYl60W1lErNnYecPn5l9yoUVSDKDGhS8),BEN ADAMS GROUP PICKUP as of 6.23.25.pdf (https://v5.airtableusercontent.com/v3/u/44/44/1754762400000/x4bVli2or1h4mtIxaCD9dA/dBoSAOBfcSmVkuR-rscC4Y6UZN6ACwzwDtCVRyQcpZtdnMeHL47pYJhtHBeFXJZ2MR5b0LDtxoLti4A8oIdNBT2YVFEgFJ6MEqorMGL_q1GsgwsEMHwki09OnDpKQXXTrj6mRH9FjKGhClPSWE0LNh1niIDmLcUWBIdB7W7zIehD7R4b7eE7k_n_lyb1VQrf/oZO2nV309n6X7fXyKA7m8am_oo0XDAObvUx9rC5nb8U),BEN ADAMS GROUP RML as of 6.23.25.pdf (https://v5.airtableusercontent.com/v3/u/44/44/1754762400000/XVMv-iT1LAjZw6PCHv5sfg/4WSxpw5Wb52BpT8OGqIfgdhD6jAq6sfb1L62NeEca-SN0Gypo-d8w5zBuISTXPRrV-MbQv1j7uzyVRLB1-1nIPOQheQrsy6SFlWVJncsVZKXDfOAVUuPABWuM0BNsQGvQopiJT2BMY3VuqgsLpuBpyEt-LKAqU5CvdxABHyodbxWigmBXYN2NG1FqE6GOjvL/jJzu-3oL9XWKc7x5f0VrSPzgQRblSCNl2c0J_PyRelU)",,Need Invoice,Air (Fly Date),,Varied,Yes,No,No,No,,,LaRhonda Davis,larhonda.davis@sawyerhotel.com,(916) 399-4737,Devika Waland,devika.waland@sawyerhotel.com,,,6/19/2025,Kyle MacKinnon,,Marlowe Teichman,
10/4/2025,10/6/2025,X528,ALL,"Redmont Hotel Birmingham, Curio Collection by Hilton",$289.00,17.500%,$339.58,26,$8828.95,Same Rate,"""1x UG
4x Comp Water (5 Rooms)""",,,7%,The Ben Adams Group,TTA - 05565556,"Ben Adams Group Contract Oct 2025 - The Redmont V2 (1).pdf (https://v5.airtableusercontent.com/v3/u/44/44/1754762400000/d9MLUFXw2k34a0s6oDas7A/ZwFSfhJZN3O6-Ch0ayHJj3pCxAx_ZBQFr1Zic1n8lbFjTNJgURxwPa8_bxSXCAFPiZrYdwsPBGchbmzxXLNdATtF8ytVgOkyl1pSCtaUXvABRRogD3VbeOQg1Hi6A5GmC-SJTjcLcPL750aNVqowpEWv2BtAUCXCosOy39rcA_Dx8Xn8v7Prbk8R55oVozW9qpeU9Emx1JyrKX58RFvUWQ/dCxISwMfFzMRfZ7dbpj2ZL-V2TIW_M4Xiev37NC_aZU),Ben Adams Group Rooming List2.xlsx (https://v5.airtableusercontent.com/v3/u/44/44/1754762400000/loZsFj8YtsHnqVMgRH9LzQ/Gyo7wzsIVQNYm7SIL7KUMb-YKzmRDuJ8mp-heEQqa_6RxouH0YrGt4Z05qqD8eJvfboFIXznn1wMfuGYY2vzI8iYKR9sCO6fQKqTA6DiDWfszOmwlezt_WsxRBLOSa4wYgkKzfqVsKVG4qxgTfd9OU-sIiCa8R4Cnv60OEr3KbnqGmmTTGTWCSB7SWFZLZHX/cBlgaU443HJC1DPyfWy1VEo-87EBppkG6nLlC2qjzAs)",,Hilton FastPay Need Invoice,Air (Fly Date),,,Yes,No,No,No,,,Carson Roos,Carson.Roos@Hilton.com,(951) 970-5230,,,,,6/25/2025,Kyle MacKinnon,,Marlowe Teichman,
10/10/2025,10/11/2025,X551,ALL,Loews Arlington Hotel,$199.00,17.525%,$233.87,21,$4911.37,Same Rate,"Guaranteed 1pm C/O
Guaranteed 4pm checkout for band (6 Rooms) @ $99
6 Welcome Amenities
Complimentary High Speed Internet",6x WA,,10%,x551 The Sean Kane Group,TTA - 05565556,,,Need Invoice,Bus (On Tour),,,No,No,No,No,,,Jason Crace,jason.crace@loewshotels.com,(682) 666-6079,,,,,8/8/2025,Kyle MacKinnon,,Ashley Tran,Joy Ayodele
10/13/2025,10/16/2025,X551,A PARTY - ARTISTS/PRIMARY,Hyatt Regency Houston Galleria,$189.00,17.000%,$221.13,8,$1769.04,Same Rate,1P CI; 4P CO; Wifi,,,10%,x551 The Sean Kane Group,TTA - 05565556,"Tour Connection-Signed_eForm.pdf (https://v5.airtableusercontent.com/v3/u/44/44/1754762400000/uH51aviPbvYsTZz-Luu6LA/3fGOAdhm_ou7XzCO1eZUxVkBvmQgcANvdgGncPf5gTyu3nmCC9nIGbOr-5D0MochgaS8RZddNGKHxg_yJIpKnmTxNeLoUmpEG-_Rl2qqPqQBxOJk4E3rT92UpuXFzN-cL8_uZefER5CbnnNhcXpSbTpHFr9SZs-oEvueKzyC7Xl5_Ix5Mez9hFHmyg6dC7Ex/7lfWxTrbG4-XYs6vlJjEnQlkQxmd8gZ9M-Km-vm23lA),Tour Connection - Hyatt Regency.pdf (https://v5.airtableusercontent.com/v3/u/44/44/1754762400000/klDcAOXWc35FzO0jqclR-g/S9XnffPwgqt3gkJInya5SpzG4-6ggpqNuHk4wbT9rYGaIk-KCuCxsip4e_1NAhiwLfepMp6JW8lwGf4VaSEYOBdLXCtXZxxsYxgDUhKIJDAKgVQTvzGj-4mq6jpG3_LEzEOpCt1nUtLXPNsQYR5_0WiWRSbQBo-mNfoLaJvJ2tN0VP_BGqN2yPh3yaaXqTYq/bN3tUPFOQ-AClRAMD1vHkQKzafhfe5OfuPYl_J0UwAc),Sean Kane Group.pdf (https://v5.airtableusercontent.com/v3/u/44/44/1754762400000/gM8rmxFesxJ5IYruUWNBpA/vx-LMZpMCiNK9_m2e8NVZVW0CSxlW2rzhWsQhKP9EXdB-wKh48Gt0CZxD9O6YQMOOReijJbtnJOv99e0Ji8jO-8iXdYBz593WYJEbmYfC6-Ca_mnyh9yL0yrg3kXxxpKjnbBW3eqE7d4vc_iNqj3iOKafHqUhg5M3LVBG-tLkuY/GfYIOXRGECWbZ7VoiFJieYpQMd2zYAie8oiocgR7Jco)",,Need Invoice,Bus (On Tour),,,Yes,No,No,No,,,,,,,,,,7/18/2025,Kyle MacKinnon,,Ashley Tran,Joy Ayodele
10/13/2025,10/16/2025,X551,C PARTY - CREW,Hyatt Place Houston Galleria,$129.00,17.000%,$150.93,12,$1811.16,Same Rate,Breakfast; 1P CI; Wifi,,,10%,x551 The Sean Kane Group,TTA - 05565556,"Tour Connection-Signed_eForm.pdf (https://v5.airtableusercontent.com/v3/u/44/44/1754762400000/XtMjkunM5UqZk8Sp9koDBg/b273H7qTKniakxkyFdu1DsfaOpDtbK8RPQamST37NC8RQZbGnJcDBpteDaLaDDy9ur7DXsFuY02ojtQ-GNut6FlMRRQAfZLhZH8JDZCs8-XPDOYSVgiX1fe5Cp_sk4t3TfKbi-BJxwLoZM-Z5TtCuiVONHbxGMCsuoo1AThEJ41qVXxAQ1RXlqzwcc9rrMzv/b0l84A49XtKyOKJZphKl6xBUThO_YD4zKPIgZ8ZmZhI),Tour Connection - Hyatt Regency.pdf (https://v5.airtableusercontent.com/v3/u/44/44/1754762400000/_DCp4-FN34JGfTYcFGkc6w/FZJolomdH_QsyAsCuooWiPNf97mcxpd_gwikCf6LEPiN1X6IVY-sU2z-zM4X_p46nezcQ2e0j4uh4WNt20WMFq8pGHcYE2f8wKlxYAscmSr7kzYYQzrqKPV56N-vXfA-Ln7bosH_BU7npE4wmDMDVhWVkbKV_H7ObB7VkeExZcj0yq96AZLw-VxtHfCq8IWu/3pU-NVkvsyFuaatHCnMzJeTAqLiYTnrmiu5-MsMsrAs),Sean Kane Group.pdf (https://v5.airtableusercontent.com/v3/u/44/44/1754762400000/Wlz961ZV9js7YOzS1OJOwA/sSdQsx6QuGVUB35RNlLzgbJici8DMMKCeHHBnJMPCcjo1kFRMXYK-AtOzYs3Y57sGtG6VjNu-xK8ApiDD-VGTtu3UV4mllY4AY7s7E9lBg5rrrf54kHHxYyEFhda0NyW1QGtrlI7_0-RqV3GmpB32nvp3BqLvcE7pf6gClZoxAg/C2xIrHFsNcz52eEcitijp8dEBZTMp3YDIf8OdhzuKFQ)",,Need Invoice,Bus (On Tour),,,Yes,No,No,No,,,,,,,,,,7/18/2025,Kyle MacKinnon,,Ashley Tran,Joy Ayodele
10/17/2025,10/20/2025,X528,ALL,Platinum Hotel Las Vegas,$229.00,13.380%,$259.64,39,$10125.97,Same Rate,4x Comp Waters,,,10%,The Ben Adams Group,TTA - 05565556,Platinum Hotel.pdf (https://v5.airtableusercontent.com/v3/u/44/44/1754762400000/8onTRQc1tFKAeaNI_eLooA/T_Wj11ht4VQkQG38Px8X6QCx63goPHMidDiMYTKOSIwr5X4EosJkJk1-b3geLjeXiT-m20V7PH7l_oiyZR9lBYOPt9Pl46iIav-oWUv7f_e9hdPAXUui-xXzvh8ORoej12xxk334udsmTP6PkIgyqaSUB-HL3R1hxNiWm8rXoEM/885tvnxYHxu5BgG6BWZerivY_hS_fLSfFspmtpeG5dk),,Need Invoice,Air (Fly Date),,Varied,No,No,No,No,,,Joe Velasqez,joevelasquez@lvplatinum.com,(702) 636-2422,Marlene Calixtro,MarleneCalixtro@lvplatinum.com,7026362404,,7/9/2025,Kyle MacKinnon,,Marlowe Teichman,
10/20/2025,11/11/2025,X612,ALL,The Capitol Hotel Tokyu,,,$0.00,44,$0.00,Varied Rates,,,,10%,The Don Machete Group,TTA - 05565556,20251020-22N Quotation Garden・Executive Suite.pdf (https://v5.airtableusercontent.com/v3/u/44/44/1754762400000/6FWGVkbJic1CQ1AuvcGTlg/kV9jFOJs-Q5-DjV__afZ1iX_eGNrXY3j8hoMraFF7pTKpvjARGaUpnKmKHFhNqJlIloh00Af394nRiGGxNv1n8MhQcaEaCzMynqouM1qqHVndLjtyiwPShkmakCpF3fk60-oXmcCfzJ8Op0dAI8rzk9u3ze8pwkbl-VmrDSEorQ_1nY9nW4ZgMq1vHpArMsKqciKJ4et9i2sHJaSSuaxjQ/--dGlgd4xCIpFagKPLxnc0IR56QU_b6sbKKipnY5LEU),,Need Invoice,Air (Fly Date),,,No,No,No,No,,,,,,,,,,7/29/2025,Kyle MacKinnon,,Marlowe Teichman,
10/23/2025,10/24/2025,X551,ALL,Courtyard Secaucus Meadowlands,$184.00,17.625%,$216.43,20,$4328.60,Same Rate,1P CI; Wifi,,,7%,x551 The Sean Kane Group,TTA - 05565556,"Payment Information Confirmation.eml (https://v5.airtableusercontent.com/v3/u/44/44/1754762400000/Awrwe5K7BnJVVoi1sKBQ4g/1iuzzk7UgFzUvaOJawbgObR8fo9ZDTg6vrgbawdrgM4_peEKKtUdydRCeQingbI25hwwpaWJ_wiTlALMNofCgjEiIsXVjgiZ0XVESLG6Q-jHMFAq48V2sGK8YGrUiJ5TsLhnuHPKNhx-LEpnLiCAqFYHBfkMYsBTiD8GhfPx6HJdCNSB-42p4LhLcBR-3AGh/IAGfxiSs5mAGjr_ulmOUaVV9LvtBV6Ty-agCiyBrDiU),102325_LOI1VIPCPartyMusicTourSecaucusOct2025 -Signed_Documents.pdf (https://v5.airtableusercontent.com/v3/u/44/44/1754762400000/iCKVMu8Z1QI7efzuNqfIDQ/2jCMi_jHhU33YGpjE3FOAD09RlWJWEw-Xdw9M_m-UT-fWhAyGuUduJxVybgOQfNEeBJxoxwIrRmC-VaZoyvhWMnhnwQff4VCHtCzmz9H0cVIEbTwVWThLPAUIwBcakeePeR2nL6l-GHykGsP_VFtQ0oQUF3WuyswxSQvcm5mE8jD-DwZJxHwz6h7SqcskaIMoChZ4nPOPoOSR8qZhB4uIU_Pnc6RTiHNS-2KRW6tOQo/beR0mkTm_O-r9Ibu96jU7q5xGl0ERCFa6mKo2NaZ4BE),102325_LOI1VIPCPartyMusicTourSecaucusOct2025 .pdf (https://v5.airtableusercontent.com/v3/u/44/44/1754762400000/R7ZWX9T3G0_L18KX5O_oxg/ev_1-zE3iGJJ_gbOgOGmxyH1MgtDXMpUZ0GqeJpyzHaZwWLPe9qHO0NWB4NMR4sH1f1zaGj-zcu80P397E5sCpY1HG7_R4D19WBoTmzQzmGC6Rh8SYSW3td_JUURF0en6EapCJh0aRnZN0FW6htGcoloUqCFAsP6Niq8lDPLLWqgtIKpnVPG6iSGap1Hh08g_KlN6jTLWwyZYj-SXqrGgw/MzZ_hYuu5fsK3WIKrDMGLGHOvXDLdg5EvrVqXi7bJhs)",,,,,,Yes,No,No,No,,,,,,,,,,8/8/2025,Kyle MacKinnon,,Ashley Tran,Joy Ayodele
1/30/2026,2/2/2026,X634,ALL,"The Ritz-Carlton, Los Angeles",$2650.00,14.000%,$3021.00,3,$9063.00,Varied Rates,,,,10%,,TTA - 05565556,,"Suite Rate - $2650.00
King Rate - 
48 Hour Cancellation
$40/destination fee
",TTA IATA,,,,No,No,No,No,,,Veronica Torres,veronica.torres@ritzcarlton.com,(213) 765-8631,,,,,6/17/2025,Kyle MacKinnon,,Joy Ayodele,